year,date,season,zone,species,class,cohort,sample_type,sample_TAG,sex,length_TL_cm,length_TL_cm_sd,length_SL_cm,mass_tot_gww,mass_tot_gww_sd,dry_content_percent,lip_dw_percent,delta13C,delta15N,a.HBCDD_pg_gdw,b.HBCDD_pg_gdw,g.HBCDD_pg_gdw,CB28_ng_gdw,CB31_ng_gdw,CB44_ng_gdw,CB49_ng_gdw,CB52_ng_gdw,CB101_ng_gdw,CB105_ng_gdw,CB110_ng_gdw,CB118_ng_gdw,CB128_ng_gdw,CB132_ng_gdw,CB138_ng_gdw,CB149_ng_gdw,CB153_ng_gdw,CB156_ng_gdw,CB170_ng_gdw,CB180_ng_gdw,CB187_ng_gdw,CB194_ng_gdw,PFPeA_ng_gdw,PFHxA_ng_gdw,PFHpA_ng_gdw,PFOA_ng_gdw,PFNA_ng_gdw,PFDA_ng_gdw,PFUnDA_ng_gdw,PFDoA_ng_gdw,PFTrDA_ng_gdw,PFTeDA_ng_gdw,FOSA_ng_gdw,FOSAA_ng_gdw,MeFOSAA_ng_gdw,EtFOSAA_ng_gdw,PFBS_ng_gdw,PFHxS_ng_gdw,PFHpS_ng_gdw,L.PFOS_ng_gdw,Br.PFOS_ng_gdw,PFDS_ng_gdw,PFECHS_ng_gdw,4.2_FTSA_ng_gdw,6.2_FTSA_ng_gdw,8.2_FTSA_ng_gdw,10.2_FTSA_ng_gdw,6.2_diPAP_ng_gdw,8.2_diPAP_ng_gdw,HFPO.DA_ng_gdw,NaDONA_ng_gdw,mass_tissue_gww,labels,taxa,feeding_mode,mobility,a.HBCDD_ng_gdw,b.HBCDD_ng_gdw,g.HBCDD_ng_gdw,a.HBCDD_ng_gdw_censored,b.HBCDD_ng_gdw_censored,g.HBCDD_ng_gdw_censored,CB28_ng_glw,CB31_ng_glw,CB44_ng_glw,CB49_ng_glw,CB52_ng_glw,CB101_ng_glw,CB105_ng_glw,CB110_ng_glw,CB118_ng_glw,CB128_ng_glw,CB132_ng_glw,CB138_ng_glw,CB149_ng_glw,CB153_ng_glw,CB156_ng_glw,CB170_ng_glw,CB180_ng_glw,CB187_ng_glw,CB194_ng_glw,a.HBCDD_ng_glw,b.HBCDD_ng_glw,g.HBCDD_ng_glw,mass_gdw,SI,CB28_ng,CB31_ng,CB44_ng,CB49_ng,CB52_ng,CB101_ng,CB105_ng,CB110_ng,CB118_ng,CB128_ng,CB132_ng,CB138_ng,CB149_ng,CB153_ng,CB156_ng,CB170_ng,CB180_ng,CB187_ng,CB194_ng,PFPeA_ng,PFHxA_ng,PFHpA_ng,PFOA_ng,PFNA_ng,PFDA_ng,PFUnDA_ng,PFDoA_ng,PFTrDA_ng,PFTeDA_ng,FOSA_ng,FOSAA_ng,MeFOSAA_ng,EtFOSAA_ng,PFBS_ng,PFHxS_ng,PFHpS_ng,L.PFOS_ng,Br.PFOS_ng,PFDS_ng,PFECHS_ng,4.2_FTSA_ng,6.2_FTSA_ng,8.2_FTSA_ng,10.2_FTSA_ng,6.2_diPAP_ng,8.2_diPAP_ng,HFPO.DA_ng,NaDONA_ng,a.HBCDD_ng,b.HBCDD_ng,g.HBCDD_ng,a.HBCDD_ng_censored,b.HBCDD_ng_censored,g.HBCDD_ng_censored,sumPCB_ng_gdw,sumHBCDD_ng_gdw,sumHBCDD_ng_gdw_censored,sumPFAS_ng_gdw,sumPFCA_ng_gdw,sumFOSA_ng_gdw,sumPFSA_ng_gdw,CB28_normalised_sum_ng_gdw,CB31_normalised_sum_ng_gdw,CB44_normalised_sum_ng_gdw,CB49_normalised_sum_ng_gdw,CB52_normalised_sum_ng_gdw,CB101_normalised_sum_ng_gdw,CB105_normalised_sum_ng_gdw,CB110_normalised_sum_ng_gdw,CB118_normalised_sum_ng_gdw,CB128_normalised_sum_ng_gdw,CB132_normalised_sum_ng_gdw,CB138_normalised_sum_ng_gdw,CB149_normalised_sum_ng_gdw,CB153_normalised_sum_ng_gdw,CB156_normalised_sum_ng_gdw,CB170_normalised_sum_ng_gdw,CB180_normalised_sum_ng_gdw,CB187_normalised_sum_ng_gdw,CB194_normalised_sum_ng_gdw,a.HBCDD_normalised_sum_ng_gdw,b.HBCDD_normalised_sum_ng_gdw,g.HBCDD_normalised_sum_ng_gdw,a.HBCDD_normalised_sum_ng_gdw_censored,b.HBCDD_normalised_sum_ng_gdw_censored,g.HBCDD_normalised_sum_ng_gdw_censored,PFPeA_normalised_sum_ng_gdw,PFHxA_normalised_sum_ng_gdw,PFHpA_normalised_sum_ng_gdw,PFOA_normalised_sum_ng_gdw,PFNA_normalised_sum_ng_gdw,PFDA_normalised_sum_ng_gdw,PFUnDA_normalised_sum_ng_gdw,PFDoA_normalised_sum_ng_gdw,PFTrDA_normalised_sum_ng_gdw,PFTeDA_normalised_sum_ng_gdw,FOSA_normalised_sum_ng_gdw,FOSAA_normalised_sum_ng_gdw,MeFOSAA_normalised_sum_ng_gdw,EtFOSAA_normalised_sum_ng_gdw,PFBS_normalised_sum_ng_gdw,PFHxS_normalised_sum_ng_gdw,PFHpS_normalised_sum_ng_gdw,L.PFOS_normalised_sum_ng_gdw,Br.PFOS_normalised_sum_ng_gdw,PFDS_normalised_sum_ng_gdw,PFECHS_normalised_sum_ng_gdw,4.2_FTSA_normalised_sum_ng_gdw,6.2_FTSA_normalised_sum_ng_gdw,8.2_FTSA_normalised_sum_ng_gdw,10.2_FTSA_normalised_sum_ng_gdw,6.2_diPAP_normalised_sum_ng_gdw,8.2_diPAP_normalised_sum_ng_gdw,HFPO.DA_normalised_sum_ng_gdw,NaDONA_normalised_sum_ng_gdw
2017,2017-06-11T00:00:00Z,spring,Embouchure,Solea solea,G0,2017,pool,0617 Pool EM Soles G0,I,2.9935483870967747,0.8784628931824374,2.712903225806451,0.23697204301075256,0.21816018763922249,22.599999999999994,2.17,-17.7575,10.702000000000002,NA,NA,NA,1.1399024031761376,0.41250272146299904,3.0685450530692373,5.560171408574944,9.646584243887986,18.42,3.4111613687528655,17.95,31.7233334080917,6.1978899339422515,6.4,47.4417609199681,18.97,57.6258308876737,1.7218276719728631,11.35,16.271758297940927,16.05,2.688354808938228,0,0,0,0,0.34326062639821026,0,0,0.5809563758389261,0,0.3873042505592841,0,0,0,0,0,0,0,4.854263718910383,0,0,0,0,0,0,0,0,0,0,0,NA,Solea s.,Fish,Omnivore,Mobile,NA,NA,NA,NA,NA,NA,52.530064662494816,19.009342002903182,141.40760613222292,256.22909716935226,444.54305271373204,848.8479262672812,157.1963764402242,827.1889400921658,1461.904765349848,285.61704764710834,294.9308755760369,2186.256263593,874.1935483870967,2655.5682436715992,79.34689732593839,523.0414746543779,749.8506128083376,739.63133640553,123.88731838425014,NA,NA,NA,0.053555681720430064,NA,0.061048250296854574,0.022091864459483593,0.16433802220697624,0.297778770268675,0.5166293954549804,0.9864956572903218,0.18268707256195504,0.9613244868817196,1.698964747114845,0.3319322206404685,0.3427563630107524,2.5407758480865485,1.0159512822365582,3.0861906578955804,0.09221365477760772,0.6078569875268812,0.8714451084362911,0.8595686916129026,0.1439766744990833,0,0,0,0,0.018383556854538,0,0,0.031113514757884073,0,0.020742343171922716,0,0,0,0,0,0,0,0.25997340271699565,0,0,0,0,0,0,0,0,0,0,0,NA,NA,NA,NA,NA,NA,276.0496231274519,NA,NA,6.165784971706803,1.3115212527964204,0,4.854263718910383,0.004129338740846045,0.0014943064105273087,0.011115918284200997,0.02014192718534456,0.034945109269119215,0.06672713330057872,0.012357058597315796,0.06502454086565623,0.11491895206625607,0.022452086200026037,0.0231842374117103,0.1718595388122094,0.06871952870314756,0.20875171005420246,0.006237384613917391,0.04111579603482998,0.058945048044598373,0.05814172038405474,0.0097386650214589,NA,NA,NA,NA,NA,NA,0,0,0,0,0.05567184518651635,0,0,0.09422261374744417,0,0.06281507583162944,0,0,0,0,0,0,0,0.78729046523441,0,0,0,0,0,0,0,0,0,0,0
2017,2017-06-11T00:00:00Z,spring,Fosse Nord,Solea solea,G0,2017,pool,G0 FN p1,I,3.078947368421052,0.47208632375448806,2.7789473684210524,0.22908421052631578,0.08435711959124136,22.200000000000003,3.5,NA,NA,NA,NA,NA,0.9583971381489704,0.6442909522206869,2.4503323674354216,4.652006787098048,6.733185686210825,24.64087279148486,5.226029749048309,26.955419997450697,23.80168085648625,7.431796419078771,7.929922320652468,41.797864323608664,26.173829924604078,74.55325587601828,3.0399388320177376,9.219000716409944,20.96192877194316,18.26018809263362,3.2333004410605195,NA,NA,NA,NA,NA,NA,NA,NA,NA,NA,NA,NA,NA,NA,NA,NA,NA,NA,NA,NA,NA,NA,NA,NA,NA,NA,NA,NA,NA,NA,Solea s.,Fish,Omnivore,Mobile,NA,NA,NA,NA,NA,NA,27.382775375684865,18.40831292059105,70.00949621244061,132.91447963137279,192.37673389173784,704.0249368995674,149.31513568709454,770.1548570700198,680.0480244710357,212.33704054510773,226.56920916149906,1194.2246949602475,747.823712131545,2130.0930250290935,86.85539520050678,263.40002046885553,598.9122506269474,521.7196597895319,92.38001260172912,NA,NA,NA,0.05085669473684211,NA,0.04874091069150528,0.0327665082787968,0.12461580521446687,0.2365856890851631,0.3424275690500987,1.253153345605904,0.26577859963300543,1.3708635663137194,1.2104748175420599,0.37795660183144536,0.4032896387482931,2.1257012265577093,1.3311144785696127,3.7915321757243423,0.15460124119859842,0.46884790521318925,1.066054412650141,0.9286528116643872,0.1644349735235118,NA,NA,NA,NA,NA,NA,NA,NA,NA,NA,NA,NA,NA,NA,NA,NA,NA,NA,NA,NA,NA,NA,NA,NA,NA,NA,NA,NA,NA,NA,NA,NA,NA,NA,NA,308.6632420436113,NA,NA,NA,NA,NA,NA,0.00310499278049298,0.002087358857358384,0.007938529872271645,0.015071463502741158,0.021814018545361767,0.07983092715653951,0.016931169757848648,0.08732954341755453,0.07711213262356419,0.024077361365979322,0.025691178088293524,0.13541574969170772,0.08479736605924056,0.24153590619476673,0.009848723197134765,0.029867504324040575,0.0679119697996998,0.05915893311991332,0.01047517164549086,NA,NA,NA,NA,NA,NA,NA,NA,NA,NA,NA,NA,NA,NA,NA,NA,NA,NA,NA,NA,NA,NA,NA,NA,NA,NA,NA,NA,NA,NA,NA,NA,NA,NA,NA
2017,2017-06-29T00:00:00Z,spring,Fosse Nord,Solea solea,G0,2017,pool,FN G0 juin 2017 pool2,I,4.569230769230769,0.56033414939156,4.146153846153846,0.7633615384615386,0.3067415837977775,21.599999999999994,3.1,NA,NA,73.58029788341746,12.419509327637813,113.8024241353186,0.36067952401635583,0.1413726710442164,2.837255910511573,3.1490713176644256,7.030068356361384,26.197368976456715,4.3147092278575725,25.557640240226693,24.005180077527253,7.5149386700508085,6.523924129347051,44.40485027941631,25.479263872309964,80.32138055651279,2.749176282350268,9.548892290146014,23.301253080160418,18.64752020062746,3.3455861862506278,0.5816781647565,0,0,2.4496263120804125,2.024887800897593,2.4679044567643458,0.8338237140256723,1.9641982864137086,0.509077927376581,0,1.4790769673842608,0,0,0.31451448388412895,0,2.482201142390861,0,35.74230326157391,6.899372405020759,0,0,0,0,0.09317625458996327,0,0,0,0,0,NA,Solea s.,Fish,Omnivore,Mobile,0.07358029788341745,0.012419509327637813,0.1138024241353186,0.07358029788341745,0.012419509327637813,0.1138024241353186,11.634823355366317,4.56040874336182,91.52438421005074,101.5829457311105,226.7763985923027,845.076418595378,139.18416864056687,824.4400077492481,774.3606476621694,242.41737645325188,210.4491654628081,1432.4145251424616,821.9117378164505,2591.012276016542,88.6831058822667,308.02878355309724,751.6533251664652,601.5329096976601,107.92213504034284,2.3735579962392728,0.40062933314960686,3.6710459398489874,0.16488609230769233,NA,0.05947103729045538,0.02331038728758169,0.4678240399611569,0.5192380639679228,1.15916049993639,4.3195817992707175,0.7114355440253756,4.2140994278168105,3.9581203381259353,1.2391088712366443,1.0757043561998991,7.321742242081095,4.201176254781751,13.243878568722453,0.4533009342617247,1.5744795355892274,3.842052566260231,3.074716737110217,0.5516406327294614,0.09591063956740933,0,0,0.4039093102130428,0.3338758368515206,0.40692312206461123,0.13748593387917987,0.32386897996422187,0.08393987012522362,0,0.24387922137430285,0,0,0.051859064221824694,0,0.4092804466905189,0,5.893408714877408,1.137610555239398,0,0,0,0,0.015363468515205725,0,0,0,0,0,0.012132367788832669,0.0020478043614131345,0.018764437010815295,0.012132367788832669,0.0020478043614131345,0.018764437010815295,315.4301318488379,0.19980223134637387,0.19980223134637387,57.84184117715869,10.831196662314813,1.7935914512683897,45.12387680898553,0.0011434529792772067,4.481901276063435e-4,0.008994879131811217,0.009983419463469458,0.022287244135986255,0.08305284223452425,0.01367881122379675,0.08102472674511185,0.07610300238859598,0.02382441596813635,0.02068262816588962,0.14077554994237595,0.0807762521702279,0.254640798219635,0.008715642561591873,0.030272606596512742,0.07387136081002867,0.05911775165970455,0.010606425475718082,0.36826564642243587,0.06215901215891606,0.5695753414186481,0.36826564642243587,0.06215901215891606,0.5695753414186481,0.010056356314366431,0,0,0.04235042077200944,0.035007319263848154,0.042666422896283994,0.014415580435481419,0.03395808719846483,0.008801205442568311,0,0.02557105612966444,0,0,0.005437490880015907,0,0.04291359147417776,0,0.6179316310506429,0.11927995832444678,0,0,0,0,0.0016108798180296839,0,0,0,0,0
2017,2017-06-15T00:00:00Z,spring,Fosse Sud,Solea solea,G0,2017,pool,0617 Pool FS Soles G0,I,3.3086956521739133,0.942874253390933,2.9739130434782597,0.33633478260869576,0.32325765069859963,22.200000000000003,2.365,NA,NA,164.15428895001807,47,240.69040811870119,1.6957603279015905,0.8195076017688004,4.738342329700333,6.5769942082569965,11.096835930989053,27.3423838639448,5.4997558192139735,19.0375562977399,29.4204537441781,7.974324565960492,8.383354231961581,58.100309131823,23.0494691900871,71.9915089446954,3.0636720254840304,13.3216402000277,18.584088015465596,18.446516959750447,2.4411491478060827,1.1953215807826425,0,0,0,0.807293684618365,0.9395423570435536,0,1.2518095523229193,0.410081539924624,0,0.48781811551713783,0,0,0.19791042936141734,0,0,0,8.457296792479802,1.0072594981425347,0,0,0,0,0,0,0,0,0,0,NA,Solea s.,Fish,Omnivore,Mobile,0.16415428895001807,0.047,0.24069040811870118,0.16415428895001807,0,0.24069040811870118,71.70233944615605,34.651484218553925,200.35274121354473,278.09700669162777,469.21082160630243,1156.1261676086597,232.54781476591853,804.9706679805455,1243.993815821484,337.1807427467438,354.47586604488714,2456.6726905633404,974.6075767478688,3044.0384331795094,129.5421575257518,563.2828837221015,785.7965334234924,779.9795754651351,103.21983711653627,6.940984733615986,0,10.177184275632184,0.07466632173913047,NA,0.12661618623555354,0.061189618261332464,0.3537945928995461,0.4910799656301146,0.8285599219095721,2.0415552307001117,0.41064653748408564,1.421464303653857,2.196717064974008,0.5954134836942581,0.6259542243367444,4.338136374779636,1.7210190824632183,5.375341169350116,0.22875312115796415,0.9946778732682027,1.387605494991073,1.3773335702830538,0.18227162768329314,0.08925026573244282,0,0,0,0.06027764999368297,0.07015217191855497,0,0.09346801478985999,0.030619280199290052,0,0.036423584363378926,0,0,0.01477724379422904,0,0,0,0.6314752433506131,0.0752083617631056,0,0,0,0,0,0,0,0,0,0,0.012256796953600239,0.0035093171217391323,0.017971467452113563,0.012256796953600239,0,0.017971467452113563,331.583622536755,0.45184469706871927,0.4048446970687193,14.754333550192996,4.604048714692104,0.6857285448785552,9.464556290622337,0.005114125706596443,0.002471496015090313,0.014290037286672995,0.019835099689002152,0.03346617618232639,0.08245999502256474,0.0165863313065299,0.0574140428049327,0.08872710153504923,0.02404921119129327,0.025282775330775914,0.17522068396301077,0.06951329204304153,0.21711418795032728,0.009239515516615818,0.04017580873901888,0.056046459331403224,0.055631568346550975,0.00736209203919741,0.3632980314142151,0.10401804050131844,0.5326839280844664,0.40547471694350523,0,0.5945252830564947,0.08101494904641131,0,0,0,0.05471569975505977,0.06367907800425616,0,0.08484351719881952,0.027793972430510752,0,0.033062700789406846,0,0,0.013413715278168464,0,0,0,0.5732076453137509,0.06826872218361629,0,0,0,0,0,0,0,0,0,0
2017,2017-06-29T00:00:00Z,spring,Fosse Sud,Solea solea,G0,2017,pool,FS G0 juin 2017 pool2,I,5.085,0.6922693421676736,4.455,1.02268,0.44047008811758803,21.900000000000006,3.7,NA,NA,93.34610420146345,22.264767984077967,240.40369000948937,0.9710435797497616,0.31824231472093856,3.1991433104404488,4.813332707738617,7.754323543491926,21.934150461571818,3.545958026482086,19.64285876829647,19.326342731266205,5.943397914649296,4.957475996203888,34.32301422889282,19.95335016085649,62.56334091210488,2.241821351809455,6.434408035263631,15.249885161187652,13.939684069375234,2.0565420995945787,0.9352820144971309,0,0.8175164225309574,2.9947523406825733,1.5495224252491695,1.2614126041537121,0.42061862556048596,1.0143744337058291,0.3617204016913319,0,0.36541147378613176,0,0,0,0,0,0,10.589058752465045,1.4121905924103255,0,0,0,0.13449486559951673,0,0,0,0,0,0,NA,Solea s.,Fish,Omnivore,Mobile,0.09334610420146344,0.022264767984077966,0.24040369000948936,0.09334610420146344,0.022264767984077966,0.24040369000948936,26.244421074317877,8.601143641106447,86.46333271460671,130.09007318212477,209.57631198626825,592.8148773397788,95.83670341843474,530.8880748188235,522.333587331519,160.63237607160258,133.98583773524018,927.6490332133194,539.2797340772024,1690.901105732564,60.5897662651204,173.90291987198998,412.15905841047703,376.7482180912225,55.582218907961575,2.5228676811206334,0.6017504860561612,6.497397027283495,0.22396692000000004,NA,0.21748163974232854,0.07127575104171928,0.7165022738779513,1.0780273014874784,1.736711960719373,4.912524121694819,0.7941772976404714,4.399350578330355,4.328461456386081,1.3311245252784258,1.1103106298437166,7.687219781961302,4.468890379208534,14.012118768994123,0.5020938233550002,1.441094549681247,3.4154698099049026,3.122028106791038,0.46059739989653115,0.20947223211831778,0,0.18309663520367717,0.6707254579054668,0.3470417650539868,0.2825146958014862,0.09420465806141533,0.2271863176438388,0.081013404267970407,0,0.08184008231654068,0,0,0,0,0,0,2.371598874488639,0.31628397743511605,0,0,0,0.030122400804137722,0,0,0,0,0,0,0.02090643945200083,0.004986571509908552,0.05384247400806011,0.02090643945200083,0.004986571509908552,0.05384247400806011,249.1683153736962,0.35601456219503075,0.35601456219503075,21.856354952332207,9.35519926807119,0.36541147378613176,12.00124934487537,0.0038971390816421245,0.001277218229948888,0.012839286189507908,0.01931759541946457,0.031120825020878727,0.08802945281656516,0.014231175505456823,0.07883369415905316,0.07756340408804006,0.023852944166418356,0.01989609308378071,0.137750316196568,0.08007980521492458,0.25108866999511553,0.008997216794788813,0.025823540306934577,0.06120314751221988,0.05594485016471238,0.008253626053979736,0.26219743267222556,0.0625389249439773,0.6752636423837972,0.26219743267222556,0.0625389249439773,0.6752636423837972,0.04279222297299535,0,0.03740406048098717,0.13701975225118748,0.07089573849933407,0.05771376823376085,0.019244683135767035,0.04641096083579065,0.01654989601332102,0,0.016718774680548464,0,0,0,0,0,0,0.48448420496278255,0.06461235624559786,0,0,0,0.0061535816879275795,0,0,0,0,0,0
2017,2017-06-15T00:00:00Z,spring,Chenal,Solea solea,G0,2017,pool,0617 Pool CH Soles G0,I,3.3378378378378377,0.6356760842473838,2.9540540540540547,0.3016081081081081,0.182278761453102,22.400000000000006,2.195,NA,NA,239.64454647680725,37.460131297399485,352.92535304483715,1.5426092133500917,0.4532438186749323,6.369782434045038,8.92657348325471,15.681603869335916,30.7794544555257,6.053035086781398,27.5062354854569,37.0359926698893,9.98595242750682,10.420366726822373,72.1531855786164,30.4884674551263,85.9064532903329,3.8675589549472402,22.8230653164898,29.270588960083867,23.24965567509764,4.093797388601963,0.8125926997793291,0,0,3.7668306623738372,1.5928083059002276,2.3531109886345014,0,2.1576710197880105,0.6395832579676589,0,0,0,0,0,0,1.784990775241471,0,21.978376396942416,3.895917425815674,0,0,0,1.2056759396592263,0.12976160329920775,0,0,0,0,0,NA,Solea s.,Fish,Omnivore,Mobile,0.23964454647680725,0.03746013129739949,0.35292535304483713,0.23964454647680725,0.03746013129739949,0.35292535304483713,70.27832407061922,20.648921124142703,290.19509950091293,406.67760743757225,714.423866484552,1402.2530503656355,275.7646964365102,1253.1314571962143,1687.2889599038408,454.94088508003745,474.73196933131544,3287.1610741966474,1388.996239413499,3913.7336350948935,176.19858564679913,1039.7751852614945,1333.5120255163495,1059.2098257447674,186.50557579052227,10.91774699210967,1.706611904209544,16.07860378336388,0.06756021621621625,NA,0.10421901199105946,0.030621250388341938,0.43034387849433897,0.6030812345986308,1.0594525480293877,2.0794665980324964,0.4089443592272945,1.858327216691628,2.5021596725599213,0.6746531051272102,0.7040022291163851,4.8746848183801,2.0598074533694053,5.803858558663173,0.2612931192251989,1.5419312274988768,1.9775273189192584,1.5707517643621756,0.27657783671933006,0.05489893849281037,0,0,0.2544878939998495,0.10761047353760449,0.15897668717290128,0,0.1457727206203418,0.043210383196567045,0,0,0,0,0,0,0.12059436271926524,0,1.4848638614588134,0.2632090236486316,0,0,0,0.08145572717006702,0.008766721975457355,0,0,0,0,0,0.01619043737501018,0.0025308145699401586,0.02384371315989365,0.01619043737501018,0.0025308145699401586,0.02384371315989365,426.6076222899393,0.6300300308190439,0.6300300308190439,40.31731907540156,11.322596934443565,0,27.659284597999562,0.003615990743601093,0.0010624372256689074,0.014931243843823971,0.020924552250939064,0.03675884595113512,0.07214933078389014,0.014188764500479359,0.06447666203854788,0.08681512175307123,0.023407815298527354,0.024426114730177705,0.16913243413540854,0.07146723560978745,0.20137111669314597,0.009065845880078287,0.05349896280329081,0.0686124378251039,0.054498922335935805,0.009596165597387423,0.380370037544508,0.05945769164162069,0.5601722708138713,0.380370037544508,0.05945769164162069,0.5601722708138713,0.020154928909325943,0,0,0.09342959176747592,0.03950680110751792,0.05836476835758119,0,0.053517224589083624,0.01586373480765198,0,0,0,0,0,0,0.04427354834539411,0,0.5451348676195061,0.09663136128990917,0,0,0,0.029904665471540106,0.0032185077350140086,0,0,0,0,0
2017,2017-09-08T00:00:00Z,autumn,Embouchure,Solea solea,G0,2017,pool,EM G0 oct 2017 pool1,I,8.366666666666665,1.54292127492172,NA,4.978883333333333,2.744089992836948,22.900000000000006,4.2,NA,NA,24.356108090300594,2.290141841313056,6.644678450335684,1.5349118943923994,0.2256433982509441,5.711850916932699,8.735828931506475,17.273035126351026,47.24639276411344,8.71046803420092,37.05985321473331,40.83856609582787,10.957477210667093,7.708432631512154,61.579403936240325,35.00830042039788,112.49912972712863,3.7655390341221437,11.745016441484655,26.65846844146251,23.396033642949696,4.003659526415676,0,0,0,0,0.9625935162094762,1.2514375825143023,0.37409680925890393,1.2138403990024935,0.5470698254364088,0,0,0,0,0.19544887780548625,0,0,0,10.618406190406336,1.8692276661287952,0,0,0,0,0,0,0,0,0,0,NA,Solea s.,Fish,Omnivore,Mobile,0.024356108090300595,0.002290141841313056,0.006644678450335684,0.024356108090300595,0,0,36.54552129505713,5.372461863117716,135.99645040315949,207.99592694063034,411.26274110359583,1124.9141134312722,207.39209605240285,882.3774574936501,972.3468118054254,260.8923145396927,183.53411027409888,1466.1762841961981,833.5309623904257,2678.550707788777,89.65569128862246,279.6432486067775,634.7254390824406,557.0484200702308,95.32522681942086,0.5799073354833475,0,0,1.1401642833333334,NA,1.7500517200497192,0.2572705434556856,6.512448407211414,9.960280133013681,19.69409771582751,53.86864954598059,9.931364543712602,42.254320981014935,46.56267444501055,12.49332415104158,8.788879566931337,70.2106369570573,39.91521375954098,128.26748962095533,4.293333114203566,13.39124825374357,30.39503356532439,26.675321931356297,4.564829594646403,0,0,0,0,1.0975147465502908,1.4268444344038187,0.42653182042596494,1.3839774686097255,0.6237494754519949,0,0,0,0,0.2228438296913965,0,0,0,12.106727484226871,2.1312266223385774,0,0,0,0,0,0,0,0,0,0,0.027769964525566782,0.002611137931232381,0.00757602504330743,0.027769964525566782,0,0,464.65801138868983,0.03329092838194934,0.024356108090300595,17.032120866762202,4.349038132421585,0.19544887780548625,12.487633856535131,0.0033033152485741485,4.856117676236335e-4,0.012292591060384609,0.018800555930152445,0.03717365181056139,0.10167992718539719,0.018745976224898337,0.07975726729423044,0.08788951249065222,0.023581810583485418,0.0165894753616203,0.13252629337478206,0.07534207860910673,0.24211167561904423,0.00810389349119011,0.02527668985278694,0.057372234607104416,0.05035108202057608,0.008616357467829357,0.7316139643467171,0.0687917685874688,0.199594267065814,1,0,0,0,0,0,0,0.05651636245066553,0.07347514688886775,0.021964194135619678,0.07126771871207628,0.03211988863371697,0,0,0,0,0.01147531064008008,0,0,0,0.6234341731996462,0.10974720533932744,0,0,0,0,0,0,0,0,0,0
2017,2017-09-08T00:00:00Z,autumn,Embouchure,Solea solea,G0,2017,pool,EM G0 oct 2017 pool2,I,8.924999999999999,1.5148507277196435,NA,6.136575000000001,2.986585306796495,23.099999999999994,4,NA,NA,21.298968156778063,2.2711704678867908,6.589634402886423,1.69361951383664,0.23482450462879903,6.657444493834321,10.373807730292913,18.197370094795133,49.477202786816406,8.503844737805776,41.111906857925426,43.00065080449734,10.91965413098707,8.903245848974903,62.68251998507152,37.55744614395311,112.35976677270071,3.730363157374639,11.300777373361868,26.46935408004221,23.935261853470223,3.5791011366703014,0.7596617295243455,0,0,0,1.143698986771742,1.4005170651148158,0.4160998154322457,1.21978345764143,0.44573687728679984,0,0,0,0,0.2247792358570222,0,0,0,10.966603512359065,2.0636294825416797,0,0,0,0,0,0,0,0,0,0,NA,Solea s.,Fish,Omnivore,Mobile,0.021298968156778064,0.002271170467886791,0.0065896344028864235,0.021298968156778064,0,0,42.340487845915995,5.870612615719976,166.43611234585802,259.3451932573228,454.9342523698783,1236.9300696704101,212.5961184451444,1027.7976714481356,1075.0162701124334,272.9913532746767,222.58114622437256,1567.062999626788,938.9361535988277,2808.994169317518,93.25907893436597,282.5194343340467,661.7338520010552,598.3815463367556,89.47752841675754,0.5324742039194515,0,0,1.417548825,NA,2.4007883518362,0.3328752006177611,9.43725261973756,14.705378958852636,25.79566059596698,70.13635067473831,12.054615116059011,58.27813525996162,60.955522022150504,15.479142882787116,12.620785691900501,88.85553255287715,53.239513651361506,159.27545536591592,5.287971910559709,16.0194036871957,37.52160177467279,33.92940231645404,5.073550610843149,1.0768575920847037,0,0,0,1.6212491548519732,1.9853013200459555,0.5898418044486967,1.729102607134046,0.6318537866570723,0,0,0,0,0.31863554167351965,0,0,0,15.545695923185464,2.9252955482123157,0,0,0,0,0,0,0,0,0,0,0.030192327284353157,0.00321949502812762,0.009341128504991225,0.030192327284353157,0,0,480.6881620070393,0.030159773027551278,0.021298968156778064,18.640510162529146,5.385497931771379,0.2247792358570222,13.030232994900745,0.003523322702113555,4.885173449005391e-4,0.0138498199457153,0.02158115915935745,0.03785691334443274,0.10292993815414962,0.017690980161232356,0.08552718811769568,0.08945643808858274,0.022716711153013915,0.01852187458039485,0.13040163028635932,0.07813266294542762,0.23374773013664374,0.007760463960250411,0.023509581193298403,0.0550655418047399,0.04979374102647385,0.007445785895218048,0.7062045240632688,0.07530462731971001,0.21849084861702114,1,0,0,0.04075326924535603,0,0,0,0.061355562524827635,0.07513297935000258,0.022322340526316865,0.06543723573045865,0.023912268140751477,0,0,0,0,0.012058641844946379,0,0,0,0.588320996407274,0.1107067062300663,0,0,0,0,0,0,0,0,0,0
2017,2017-10-05T00:00:00Z,autumn,Embouchure,Solea solea,G0,2017,pool,EM G0 oct 2017 pool3,I,11.911111111111111,0.7096556285347922,NA,13.473222222222224,2.6868199468785403,23.299999999999997,4.8,NA,NA,51.58490828343892,2.027599986051214,5.882932528533175,2.573496278260425,0.47632955200337984,8.757145612073133,13.376050704956135,24.997961985787224,56.4192972253201,8.843277132006438,46.99793292762368,46.155630453675826,13.344750822323885,10.700981401236675,75.36702630717505,48.13955632387886,138.60682614859286,4.0802165199869425,14.749735107375521,33.69888881018929,30.15889341482093,4.683420670684024,1.201401438318274,0,0,0,1.0077079107505071,1.6614437417969214,0,1.077051447538263,0.4227411027106767,0,0.7104285125446085,0,0,0.2878711045546745,0,0,0,9.792190235489363,1.2450250566758143,0,0,0,0,0,0,0,0,0,0,NA,Solea s.,Fish,Omnivore,Mobile,0.051584908283438924,0.002027599986051214,0.005882932528533175,0.051584908283438924,0,0,53.614505797092185,9.923532333403747,182.44053358485692,278.6677230199195,520.7908747039005,1175.402025527502,184.23494025013412,979.1236026588266,961.5756344515797,278.0156421317476,222.93711252576406,1570.1463813994803,1002.9074234141428,2887.6422114290176,85.0045108330613,307.28614807032335,702.0601835456101,628.310279475436,97.57126397258382,1.074685589238311,0,0,3.139260777777778,NA,8.078875928100038,1.4953226799006707,27.49096374526996,41.990911339635595,78.47512158636172,177.11488688923401,27.761353047526967,147.53876747631975,144.89456035683006,41.89265284573912,33.59317119663178,236.5967496238606,151.12262102717708,435.12297286054087,12.808863686035947,46.303264905195874,105.78959989652168,94.67663119832785,14.70247881731205,3.771512413678366,0,0,0,3.163457919675457,5.215705173107425,0,3.3811453649056493,1.3270945628941544,0,2.2302203648462973,0,0,0.9037024675840556,0,0,0,30.740238734810298,3.908458327772939,0,0,0,0,0,0,0,0,0,0,0.1619384792994638,0.006365165109233345,0.018468059345137244,0.1619384792994638,0,0,582.1274173979704,0.05949544079802331,0.051584908283438924,17.405860550379103,5.370345641114643,0.998299617099283,11.037215292165177,0.004420847054006836,8.182565152703295e-4,0.015043348501289239,0.02297787443983526,0.042942423322929336,0.09691915470586597,0.015191308410682103,0.08073478678894389,0.07928784845761974,0.022924106344231455,0.01838254148734068,0.1294682642574289,0.08269590966708984,0.2381039305246029,0.0070091467916507865,0.025337640294121194,0.057889197112238236,0.05180806214149308,0.00804535318336022,0.8670396855880222,0.034079922072257,0.09888039233972078,1,0,0,0.06902281187654967,0,0,0,0.05789474802660987,0.09545312264154242,0,0.06187866692490563,0.024287285393738797,0,0.04081547766560357,0,0,0.01653874588512687,0,0,0,0.5625800693477397,0.07152907223818344,0,0,0,0,0,0,0,0,0,0
2017,2017-10-05T00:00:00Z,autumn,Fosse Nord,Solea solea,G0,2017,pool,1017 FN G0 pool 1,I,9.572727272727272,0.9089454429072288,NA,6.810563636363637,1.666683528011679,23.299999999999997,4,NA,NA,22.113553618538887,2.279902757074696,6.614970498992902,3.388799234009848,0.7305103083787051,11.760107783514346,21.31486698379495,37.88319204345132,82.14949161844166,11.668410223466362,60.598033001612166,64.32107032109754,15.022538251425392,10.218927848051099,92.94668386588917,55.6083234775308,169.08235768008288,5.394568443222235,17.550374528470215,43.436576628026046,33.44141704700307,5.188868161405644,0,0,0,0,2.015707924113951,2.166319914167094,0,1.5321173671689137,0.45284572683462454,1.2205057036539988,0.9612129998098183,0,0.4243427072530959,0.7766272189349113,0,0,0,14.34216613260323,2.7980373617146492,0,0,0,0,0.2645336424083451,0,0,0,0,0,NA,Solea s.,Fish,Omnivore,Mobile,0.022113553618538888,0.0022799027570746962,0.006614970498992902,0.022113553618538888,0,0,84.7199808502462,18.26275770946763,294.0026945878586,532.8716745948738,947.0798010862829,2053.7372904610415,291.71025558665906,1514.9508250403042,1608.0267580274383,375.5634562856348,255.47319620127746,2323.6670966472293,1390.20808693827,4227.0589420020715,134.8642110805559,438.7593632117554,1085.914415700651,836.0354261750767,129.7217040351411,0.5528388404634722,0,0,1.586861327272727,NA,5.377554450341668,1.1592185575402412,18.661660246217902,33.82373811254648,60.115372407398766,130.3598513044201,18.516148934372488,96.1606750790548,102.06861902133925,23.83868498866221,16.2160214082626,147.49349812502345,88.24269800096567,268.3102545266183,8.560432039875206,27.850010618381706,68.92782364013293,53.06689144108809,8.234014217651355,0,0,0,0,3.1986489518536176,3.437649294292535,0,2.431257798803258,0.7186033711345751,1.9367733008443182,1.5253117366700077,0,0.6733730316501501,1.23239969943518,0,0,0,22.759028785148715,4.440097281569187,0,0,0,0,0.4197782069003954,0,0,0,0,0,0.03509114304583123,0.0036178895151443022,0.01049704086590181,0.03509114304583123,0,0,741.7051174488735,0.031008426874606487,0.022113553618538888,26.954416698662634,7.387496635938582,2.1621829259978256,17.14020349431788,0.004568930636026577,9.849066579064826e-4,0.015855503092608747,0.028737656627081592,0.05107581322042401,0.1107576173951696,0.015731872342475348,0.08170097735073165,0.08672054271693934,0.020254057708400417,0.013777615399499385,0.12531487471137218,0.07497362788704763,0.2279643940730096,0.007273198359176872,0.023662199593330945,0.05856313460183207,0.04508721358432345,0.006995864042644033,0.7131465813458658,0.07352526351286015,0.21332815514127398,1,0,0,0,0,0,0,0.07478210145107544,0.08036975677810078,0,0.05684105073751906,0.016800427621833598,0.045280360443287024,0.035660686356366586,0,0.015742974963882266,0.028812614556539235,0,0,0,0.5320896494604845,0.10380626644587995,0,0,0,0,0.009814111185031511,0,0,0,0,0
2017,2017-10-05T00:00:00Z,autumn,Fosse Nord,Solea solea,G0,2017,pool,1017 FN G0 pool 2,I,9.870000000000001,0.598238153989604,NA,7.75882,1.387959165905901,23.400000000000006,6.4,NA,NA,101.60288638324614,2.2708866952579685,6.588811057433528,3.282949560525939,0.5600789228626659,13.206009390456703,19.034442519195355,40.0753328422351,85.38893905494116,11.4890270019457,65.0109570137395,62.95274474324242,16.0404918596589,10.3374663963752,94.832298125794,56.0329181506667,171.434703615272,5.47879558094687,17.3203511426794,50.1205915747929,35.1523766724074,5.5328170009183,0,0,0,0,2.4602385685884687,2.140440884107122,0,1.0040755467196818,0.44522862823061626,0.8651093439363817,1.162313179745059,0,0.3757455268389662,0.7037773359840954,0,0,0,13.16446731376447,2.7890106420301723,0,0,0,0,0.16520874751491052,0,0,0,0,0,NA,Solea s.,Fish,Omnivore,Mobile,0.10160288638324615,0.0022708866952579686,0.0065888110574335275,0.10160288638324615,0,0,51.2960868832178,8.751233169729154,206.343896725886,297.41316436242744,626.1770756599234,1334.2021727334557,179.51604690540157,1015.7962033396797,983.6366366131628,250.6326853071703,161.52291244336251,1481.7546582155312,875.5143461041672,2678.667243988625,85.60618095229485,270.6304866043656,783.134243356139,549.2558855063656,86.45026563934843,1.587545099738221,0,0,1.8155638800000005,NA,5.96040464195277,1.0168590622987628,23.976353648254012,34.5582463137873,72.7593267873398,155.02907349967253,20.85906244107731,118.03154535837812,114.29472950269084,29.122537637830735,18.768330599972582,172.17409513458333,101.73134228534688,311.25065566239334,9.947103362670756,31.446203923565452,90.99713570742632,63.82138538257748,10.045182701517195,0,0,0,0,4.466720281312128,3.8861071564601577,0,1.8229632954155073,0.8083410157574554,1.5706612771013921,2.1102538263930772,0,0.6821900066003979,1.2777527107753481,0,0,0,23.900931354311407,5.063626982605592,0,0,0,0,0.2999470346481114,0,0,0,0,0,0.18446653062116558,0.004122939859482936,0.01196240736802092,0.18446653062116558,0,0,763.2832911686562,0.11046258413593764,0.10160288638324615,25.275615717459946,6.91509297158227,2.2418360425681207,15.953477955794643,0.004301089252850596,7.33775951003898e-4,0.017301583230306405,0.024937585742315794,0.05250387805669913,0.11187057288284527,0.015052113854549277,0.08517277630197015,0.082476251572147,0.021015122491544976,0.013543420268702068,0.12424259671739586,0.07341038222502579,0.22460167227398609,0.00717793202646731,0.02269190396682255,0.06566446842829968,0.046054167671594,0.007248707085474193,0.9197945818306354,0.02055797185102393,0.059647446318340645,1,0,0,0,0,0,0,0.09733644458318694,0.08468402542726362,0,0.039725067746859445,0.017614946880327043,0.03422703342252428,0.04598555353657136,0,0.014865929718159462,0.027844122329251056,0,0,0,0.5208366617423563,0.11034392488027793,0,0,0,0,0.006536289733222493,0,0,0,0,0
2017,2017-10-05T00:00:00Z,autumn,Fosse Nord,Solea solea,G0,2017,pool,1017 FN G0 pool 3,I,12.633333333333333,1.361065758881617,NA,14.896277777777776,4.836390836093017,24,7,NA,NA,119.34490213997157,2.0457895395088928,5.935708182731156,4.775580778265518,1.3068583266060938,16.034278208929287,21.84576697581605,45.273959470158005,75.34928012454813,12.421306748127819,70.12948856263446,66.89899648178925,20.552156870184117,13.373518409896903,116.6187152039639,63.65993785510737,216.72776506899595,6.092014092379649,22.316548205980755,55.33905449281333,43.959925269158134,6.148457753724783,0.6677232860852541,0,1.3950943141200853,2.7600567140785803,6.716670921815397,3.3952584539056962,0,0.8524689874748445,0,0.9658937314150121,1.8665396453237828,0,0.43657825969423003,0.6755549214549605,0,0,0,19.42007355370587,3.7060666789167835,0,0,0,0,0.23077298531222779,0,0,0,0,0,NA,Solea s.,Fish,Omnivore,Mobile,0.11934490213997156,0.0020457895395088925,0.005935708182731156,0.11934490213997156,0,0,68.22258254665026,18.669404665801338,229.06111727041835,312.0823853688007,646.7708495736857,1076.4182874935445,177.44723925896884,1001.8498366090637,955.6999497398464,293.6022410026302,191.05026299852716,1665.9816457709128,909.427683644391,3096.1109295570845,87.02877274828069,318.8078315140108,790.5579213259047,627.9989324165447,87.83511076749689,1.704927173428165,0,0,3.575106666666666,NA,17.073210677582242,4.672157915838289,57.32425491993114,78.10094715368646,161.85923432815832,269.3817137018062,44.40749656394341,250.72040209019818,239.1710483153546,73.47615304097437,47.811754824011814,416.92434618379264,227.59106822538004,774.8248777499344,21.77960019509376,79.78404026818983,197.84302264428686,157.1614218959357,21.981392305059824,2.3871819715719655,0,4.9876109830394775,9.867497158880425,24.012814990388367,12.138411133614612,0,3.0476675602478993,0,3.453173118473352,6.6730783295946905,0,1.560813846754573,2.4151809033931055,0,0,0,69.42883442901086,13.249583690906585,0,0,0,0,0.8250380382763142,0,0,0,0,0,0.42667075527329323,0.007313915821295171,0.02122078989547004,0.42667075527329323,0,0,878.8236088990795,0.12732639986221161,0.11934490213997156,43.088752453302725,16.75316640889487,2.978672826472973,23.126140232622653,0.005434060635043689,0.001487054186269782,0.018245160970374655,0.024857965528694313,0.05151654895442969,0.0857387982770965,0.014134015771024001,0.07979927695671162,0.07612334921861624,0.023385986291299374,0.015217522918677827,0.13269865991658392,0.07243767373848262,0.24661122308775396,0.006932010053770904,0.025393660320456292,0.06296946728836485,0.050021329449976476,0.006996236436373259,0.937314667414791,0.016067284881397557,0.04661804770381148,1,0,0,0.015496463649275916,0,0.032377226879149346,0.06405515492865062,0.15587991156380226,0.07879686137548993,0,0.01978402573615248,0,0.02241637727761545,0.043318488910688194,0,0.010132070084121607,0.01567821955827314,0,0,0,0.450699369278614,0.08601007148984459,0,0,0,0,0.00535575926832245,0,0,0,0,0
2017,2017-10-13T00:00:00Z,autumn,Fosse Sud,Solea solea,G0,2017,pool,1017 FS G0 pool 1,I,9.675,0.8048957341526556,NA,7.616387499999999,1.8811975596393058,22.200000000000003,3.9,NA,NA,10.134863271606596,2.2728418950872222,6.594483926221469,1.155943917628906,0.14887720995149045,4.034152608415965,5.976930117876875,11.42906427101769,33.600783338816164,5.039034537846797,25.60862140322838,29.140668740772373,8.616663062119827,6.069420153920209,50.4153080268341,29.068991054043202,99.84352075290485,2.69951888570431,9.822365274631132,20.641460240817707,23.669028371619518,3.37986475233622,0,0,0,0,1.2047345928924875,1.7968837818528218,0,0.736336032388664,0.310672514619883,1.0011808367071526,0.8841341853880553,0,0.27693432298695453,0.2831196581196581,0,0,0,10.075180201635309,1.228065015479876,0,0,0,0,0,0,0,0,0,0,NA,Solea s.,Fish,Omnivore,Mobile,0.010134863271606596,0.002272841895087222,0.006594483926221468,0.010134863271606596,0,0,29.63958763151041,3.8173643577305243,103.43981047220424,153.25461840709934,293.0529300260946,861.5585471491324,129.20601379094353,656.6313180314969,747.1966343787788,220.940078515893,155.62615779282586,1292.7002058162589,745.3587449754667,2560.090275715509,69.21843296677719,251.8555198623367,529.2682113030181,606.8981633748595,86.66319877785179,0.25986828901555376,0,0,1.690838025,NA,1.954513930694422,0.2517272476418885,6.821098628962649,10.106020716073951,19.324696459605615,56.81348213905682,8.520191205879666,43.3000308364074,49.27215078082679,14.569381554045139,10.262406385949642,85.2441198538588,49.150955422561076,168.81922143888815,4.564449181154476,16.608028701785884,34.90136586670023,40.02049318553811,5.714803842607288,0,0,0,0,2.0370110596955127,3.038239424862556,0,1.2450249627403844,0.5252969010416666,1.6928346286057694,1.4949276998565233,0,0.4682510837339743,0.4787094835737179,0,0,0,17.035497793652148,2.0764590253455877,0,0,0,0,0,0,0,0,0,0,0.017136412197808332,0.0038430075010265356,0.011150204177706553,0.017136412197808332,0,0,370.3602167204857,0.019002189092915286,0.010134863271606596,17.797241142070863,5.049807758461009,1.4441881664946679,11.303245217115185,0.0031211341430370408,4.0197948707825025e-4,0.010892510659320025,0.01613815374340738,0.03085931953550862,0.0907246022165901,0.013605766252291086,0.06914517339359763,0.0786819626546582,0.0232656280915369,0.016387883687034498,0.13612506352128798,0.0784884275947539,0.26958489666361135,0.007288900815558335,0.026521113313971736,0.05573347057520492,0.06390812863543266,0.009125885016119415,0.5333524059807007,0.11960947678047373,0.3470381172388256,1,0,0,0,0,0,0,0.06769221045415953,0.10096417571177208,0,0.04137360540943847,0.01745621763170275,0.05625483347193983,0.04967815957148843,0,0.01556051978934589,0.015908064393777982,0,0,0,0.5661091020348435,0.06900311153153145,0,0,0,0,0,0,0,0,0,0
2017,2017-10-13T00:00:00Z,autumn,Fosse Sud,Solea solea,G0,2017,pool,1017 FS G0 pool 2,I,10.016666666666667,0.6013872850889571,NA,7.715500000000001,1.2019653489181716,22.5,5.7,NA,NA,11.199412890635807,2.2339596699940065,6.481670004167689,0.7986384515234134,0.03421196300342147,2.6481222903519064,3.791915705077078,7.677477149128617,27.536059315928494,4.7937177395901625,20.376115768311642,28.148252109095232,8.128401354610894,4.05482404065136,46.426485977029415,23.21815428200975,92.53684604834547,2.2492230027351034,8.288599176802858,14.703130714312698,19.66108763543101,2.4800558196617644,0,0,0,0,0.8170991658943466,0.6177004851987135,0,0.4654772937905468,0.19008341056533828,0,0.463973722946083,0,0,0,0,0,0,3.6485869268930924,0.8819108106634683,0,0,0,0,0,0,0,0,0,0,NA,Solea s.,Fish,Omnivore,Mobile,0.011199412890635807,0.0022339596699940067,0.006481670004167689,0.011199412890635807,0,0,14.011200903919534,0.6002098772530082,46.45828579564748,66.52483693117681,134.69258156365993,483.08875992857,84.10031122088004,357.4757152335376,493.82898437009175,142.60353253703323,71.13726387107648,814.4997539829722,407.33604003525875,1623.4534394446573,39.46005267956322,145.41402064566418,257.94966165460875,344.93136202510544,43.50975122213622,0.19648092790589133,0,0,1.7359875000000002,NA,1.3864263688640017,0.059391540124402134,4.59710719452228,6.582718265067495,13.328004362422917,47.80225477171042,8.321834074456778,35.37268227234191,48.86501380823797,14.11080314658758,7.039123849270253,80.59579932504836,40.3064256066404,160.64280802935215,3.904623017460606,14.388904563440054,25.52445113091292,34.13140237151279,4.305345902235078,0,0,0,0,1.4184739382530123,1.0723203210489016,0,0.808062763554217,0.32998242469879524,0,0.8054525833628634,0,0,0,0,0,0,6.333901297749823,1.5309861434266478,0,0,0,0,0,0,0,0,0,0,0.01944204078548263,0.003878126062613721,0.011252098106360058,0.01944204078548263,0,0,317.5513185436003,0.0199150425647975,0.011199412890635807,7.084831815951589,2.0903603554489454,0.463973722946083,4.53049773755656,0.002514990191778275,1.0773680033932567e-4,0.008339194755975528,0.01194111151063113,0.02417712256507128,0.08671373005855666,0.01509588359316473,0.06416637116093085,0.08864158473091155,0.025597126763291494,0.012769035440470469,0.14620152166256864,0.07311622697237158,0.2914075320888331,0.007083022086164891,0.026101605292704274,0.046301589241532104,0.061914677997885595,0.007809937086818453,0.5623594754666639,0.11217448633239825,0.32546603820093795,1,0,0,0,0,0,0,0.1153307780792534,0.08718633007038402,0,0.065700542494533,0.026829629199858075,0,0.06548831856550782,0,0,0,0,0,0,0.5149856795017,0.12447872208876361,0,0,0,0,0,0,0,0,0,0
2017,2017-10-13T00:00:00Z,autumn,Fosse Sud,Solea solea,G0,2017,pool,1017 FS G0 pool 3,I,12.379999999999999,1.1961047891663448,NA,16.83538,6.669225950388344,23,5.8,NA,NA,38.84975553289532,2.104667153646303,7.847271163942244,1.8564091040859592,0.24382332131972587,6.257198035150676,9.3646600209558315,17.413242259573373,45.18554081102319,6.320734397155998,39.70231478452571,44.522644226849806,10.116474763734265,10.392692355901367,60.880760846377626,42.33649225093427,123.85777768197671,3.001905061019276,9.187091367897871,13.274942034600013,26.85188987943898,2.6597221303620624,0,0,0,0,0.690386915715863,0.6648406547013358,0,0.3625897129186602,0.2375092013249908,0.3390113176297387,0.49936984455173317,0,0,0.2214068825910931,0,0,0,2.423801798047154,0,0,0,0,0,0,0,0,0,0,0,NA,Solea s.,Fish,Omnivore,Mobile,0.038849755532895325,0.002104667153646303,0.007847271163942245,0.038849755532895325,0,0.007847271163942245,32.00705351872344,4.203850367581481,107.88272474397718,161.45965553372125,300.2283148202306,779.0610484659171,108.97817926131032,684.5226686987193,767.6317970146519,174.42197868507355,179.18435096381668,1049.6682904547868,729.9395215678323,2135.478925551323,51.75698381067718,158.39812703272193,228.87831094137954,462.9636186110169,45.85727810969073,0.669823371256816,0,0.1352977786886594,3.8721374,NA,7.188271121631735,0.9441174014743279,24.22873053111345,36.26125030542786,67.42646660855456,174.96462251358923,24.474752054694193,153.73281794373494,172.39779585767923,39.17238028881162,40.2419327579798,235.73867101371448,163.93271502965277,479.5943332432674,11.623788858022023,35.57368008285451,51.40239953500681,103.97420706285716,10.298809534582618,0,0,0,0,2.673272996814041,2.5743543641095283,0,1.4039971882476074,0.9196682612946264,1.3126984020173906,1.9336286515209524,0,0,0.8573178706983805,0,0,0,9.385293592405631,0,0,0,0,0,0,0,0,0,0,0,0.15043159137978093,0.008149560400185395,0.0303857121618423,0.15043159137978093,0,0.0303857121618423,473.4263153328827,0.04880169385048387,0.04669702669683757,5.438916327480569,2.2943378022905883,0.7207767271428263,2.423801798047154,0.003921220777050918,5.150185222557497e-4,0.013216836142179843,0.019780607282827548,0.03678131463251997,0.09544366113077521,0.013351041529475747,0.08386165597197447,0.09404345044813228,0.02136863633493,0.02195208001607156,0.12859606421237954,0.08942572662266564,0.26161996845250973,0.006340807352266701,0.019405535920490824,0.028040143956226712,0.0567182030440333,0.005618027651234212,0.796073916039087,0.0431269283417595,0.16079915561915353,0.8319535156941014,0,0.16804648430589864,0,0,0,0,0.1269346454600941,0.12223770594560797,0,0.06666580088512229,0.0436684786130936,0.062330673468326096,0.09181421711318231,0,0,0.04070790379186691,0,0,0,0.4456405747227067,0,0,0,0,0,0,0,0,0,0,0
2017,2017-10-13T00:00:00Z,autumn,Fosse Sud,Solea solea,G0,2017,pool,1017 FS G0 pool 4,I,13.372727272727275,1.4304481179622694,NA,20.920636363636365,6.752042820846551,23.200000000000003,5.8,NA,NA,45.30863232703544,2.089002099778653,6.061086254442068,1.9241808773211184,0.22096477063215703,6.563210342766297,10.125241776397798,17.81236832998217,43.68640205934366,6.1152659717768545,36.328442010297195,38.590359138058375,9.819965066689964,9.584783909435696,59.697144376594125,39.08376128856246,119.25541056795939,3.179065835155107,10.208001638631188,20.36481330202451,27.07164316401497,3.418994094042514,0.6554684116039784,0,0,0,1.0928650624793983,1.5662990232801641,0,0.5420874411914537,0.23493452398789366,0,0.7014572356766265,0,0,0.431512390998172,0,0,0,9.363706776048945,0.7947904749985458,0,0,0,0,0.13514728356956637,0,0,0,0,0,NA,Solea s.,Fish,Omnivore,Mobile,0.04530863232703544,0.002089002099778653,0.0060610862544420675,0.04530863232703544,0,0,33.17553236760549,3.8097374246923628,113.15879901321202,174.57313407582413,307.1097987927961,753.2138286093735,105.43562020304923,626.3524484533999,665.3510196216962,169.3097425291373,165.25489499027063,1029.2611099412782,673.8579532510769,2056.1277684130932,54.81147991646736,176.00002825226187,351.1174707245605,466.7524683450857,58.94817403521576,0.7811833159833698,0,0,4.853587636363637,NA,9.339180516293117,1.0724718788121643,31.85511657450445,49.14374830111695,86.45389070075667,212.03578091244137,29.680979313691406,176.32327698953182,187.30168999531264,47.66206103720923,46.520588680054225,289.7453218724523,189.6964605727545,578.8165863021171,15.429874632694869,49.54543054524009,98.84240605955989,131.39459255691122,16.59438746364504,3.181373378587981,0,0,0,5.304316355463782,7.602169574241046,0,2.63106890239484,1.140275300982617,0,3.4045841665178886,0,0,2.0943832058864396,0,0,0,45.44757143876557,3.8575852229525247,0,0,0,0,0.6559491846213779,0,0,0,0,0,0.21990941768304503,0.01013915476382335,0.029418013307493607,0.21990941768304503,0,0,463.0500185196855,0.053458720681256164,0.04530863232703544,15.518268623834743,4.091654462542889,1.1329696266747986,10.158497251047491,0.004155449304315957,4.7719417297197063e-4,0.014173869085996542,0.021866410477138006,0.03846748216731778,0.09434488783523595,0.013206491150408792,0.07845468212361766,0.08333950457755525,0.02120713675400164,0.020699240959058986,0.1289215894374405,0.08440505285694293,0.25754325839183506,0.00686549121694929,0.02204513817160601,0.04397972678443753,0.058463755709501346,0.007383638823668815,0.8475442687299787,0.03907691903504725,0.11337881223497406,1,0,0,0.0422385014393445,0,0,0,0.07042441969337032,0.10093258863134137,0,0.03493221146841429,0.015139222659611278,0,0.045202029471203234,0,0,0.027806735497245202,0,0,0,0.6033989359912926,0.05121644007230389,0,0,0,0,0.008708915075873324,0,0,0,0,0
2017,2017-10-12T00:00:00Z,autumn,Embouchure,Solea solea,G1,2016,WB,1017 AS5 Sole G1 2,F,19.6,NA,NA,82.2,NA,24.29462630418014,9.9,NA,NA,82.0037102331723,2.2147420810563534,7.8615717701067664,2.2395924563043637,0.5498588971482112,4.705995064252525,8.140214215683141,13.022056785397346,32.70959534245844,6.6674682436842305,23.779791276146128,30.79274376560629,8.31516882700037,4.697017823685034,46.838333195308294,26.722478625403056,80.90537445356735,1.9752300490117092,6.675284163026642,9.988621560056975,23.446606555567932,2.141508095691603,0.495211179149003,0,0,0,0.8359240069084629,0.9871580172342135,0.34154015242098146,0.7662113361595226,0,0,0.7175661522263168,0,0,0,0,0,0,6.615261053078791,0.8833954910273104,0,0,0,0,0,0,0,0,0,0,NA,Solea s.,Fish,Omnivore,Mobile,0.0820037102331723,0.0022147420810563535,0.007861571770106766,0.0820037102331723,0,0,22.6221460232764,5.554130274224356,47.53530367931843,82.22438601700142,131.53592712522573,330.39995295412564,67.34816407761849,240.1999118802639,311.0378158142049,83.99160431313506,47.444624481667006,473.1144767202858,269.92402651922276,817.2260045814883,19.95181867688595,67.42711275784487,100.89516727330277,236.83440965220132,21.63139490597579,0.8283203053855787,0,0,19.970182822036076,NA,44.725070799250986,10.98078270237291,93.97958179272233,162.56156609772933,260.0528547233204,653.2165990237148,133.15055978649386,474.88677925449673,614.9367225912692,166.05544167129267,93.80030465735213,935.3700769897478,533.6527836072503,1615.695119123027,39.44570519434311,133.3066451246841,199.474598694469,468.2330194710412,42.76630818583164,9.88945778312165,0,0,0,16.69355524329095,19.713726078405884,6.820619284913067,15.301380463422209,0,0,14.329927246864516,0,0,0,0,0,0,132.10797264547836,17.64156945997772,0,0,0,0,0,0,0,0,0,0,1.6376290854417213,0.04422880426235202,0.1569970255175899,1.6376290854417213,0,0,334.31293939499966,0.09208002408433541,0.0820037102331723,11.642267388204601,3.4260446918721836,0.7175661522263168,7.498656544106102,0.006699089961511258,0.001644743090540502,0.014076616575980824,0.024349085112931452,0.0389516983966075,0.09784124838737152,0.019943793547896268,0.07113033470729552,0.09210754397161948,0.024872410987286903,0.014049763769793493,0.14010326157303638,0.07993252870727129,0.2420049149158881,0.00590832664923544,0.019967172599142553,0.029878058498523003,0.07013370944600245,0.006405699102066026,0.890570034582807,0.024052362095690675,0.0853776033215023,1,0,0,0.042535630099917454,0,0,0,0.07180079094862414,0.08479087314506757,0.029336223008158524,0.06581289628649244,0,0,0.06163457068107894,0,0,0,0,0,0,0.568210712956229,0.07587830287443194,0,0,0,0,0,0,0,0,0,0
2017,2017-10-04T00:00:00Z,autumn,Embouchure,Solea solea,G1,2016,WB,41017 AN2 Sole G1 2,M,19.8,NA,NA,71.2,NA,24.444410502359815,12.3,NA,NA,68.0219781615997,2.211718643403338,7.850839607520012,4.113166254473707,0.5023678789363634,15.85130303064252,24.937482336414284,57.54600645218449,116.64893749008333,18.94692413056351,91.03941541606603,101.21980238423242,22.36261322760886,20.264900196488774,133.72009174365297,79.84183793953736,232.2031965622876,7.576683889787512,22.122361908861684,47.94609073036722,48.532396809625666,6.641433708380653,0,0,0,0,1.1425669302764274,1.204746682827524,0.2991673131337936,0.7478415439309295,0.514211347311906,0.4748512660523833,0.9881065122849547,0,0,0.1442265834723935,0,0,0,6.3655858026298375,0,0,0,0,0,0,0,0,0,0,0,NA,Solea s.,Fish,Omnivore,Mobile,0.0680219781615997,0.002211718643403338,0.007850839607520012,0.0680219781615997,0,0,33.440376052631755,4.08429169866962,128.8723823629473,202.74375883263644,467.8537109933698,948.3653454478318,154.04003358181714,740.1578489111059,822.9252226360359,181.80986363909642,164.75528615031521,1087.1552174280728,649.1206336547752,1887.8308663600615,61.599056014532614,179.85660088505432,389.8056156940424,394.5723317855745,53.99539600309473,0.5530242126959325,0,0,17.404420277680188,NA,71.58727416483205,8.743421699015228,275.8827398941681,434.0224232501803,1001.5548815959147,2030.207133022255,329.7602305376476,1584.48824773553,1761.6719811189162,389.2083191205149,352.69883990493446,2327.320676276489,1389.6009032421393,4041.362022790837,131.86779072899057,385.0268841967721,834.4739137430973,844.6782311578702,115.59030350700897,0,0,0,0,19.88571504990986,20.9679175960713,5.206833651124896,13.015748531683128,8.949550400168587,8.26451100376421,17.197421018920114,0,0,2.51018007396746,0,0,0,110.78933062260386,0,0,0,0,0,0,0,0,0,0,0,1.1838830960436648,0.038493680805772375,0.13663931206193605,1.1838830960436648,0,0,1052.0170120901948,0.07808453641252305,0.0680219781615997,11.88130398192015,4.383385083532964,1.1323330957573483,6.3655858026298375,0.003909790628101615,4.7752828439364894e-4,0.015067534886292795,0.023704447789173456,0.054700642471407844,0.11088122734661862,0.018010092909922535,0.08653796884442469,0.09621498627966515,0.021256893159149408,0.019262901610522017,0.1271082978762595,0.07589405591541147,0.22072190268191177,0.007202054532116182,0.02102852107392064,0.04557539486467596,0.046132711022609144,0.0063130478234236466,0.8711325095437266,0.028324668942372396,0.10054282151390104,1,0,0,0,0,0,0,0.09616511218087495,0.10139852365201615,0.02517966997469623,0.06294271614200969,0.043279033016442,0.03996625848265201,0.0831648204429886,0,0,0.012138952398816152,0,0,0,0.5357649137095042,0,0,0,0,0,0,0,0,0,0,0
2017,2017-10-12T00:00:00Z,autumn,Embouchure,Solea solea,G1,2016,WB,1017 AS5 Sole G1 1,F,19.5,NA,NA,73.8,NA,23.40304046820353,5.1,NA,NA,39.32447377214815,2.0496455837421657,7.690712786886326,1.399388821900435,0.27015766359354093,3.0298942942709353,5.683062078493206,10.59615363666948,30.575806986115605,5.621432356735258,22.180545995818925,27.136555084427194,8.366033439661503,5.007315328461518,49.211681933177275,25.532300165494927,85.24042479392541,1.7262929539282938,6.253673442203062,12.728660422186001,24.903382311028032,2.2990107844347536,0.47852282126475676,0,0,0,0.6875516956162118,1.4167013331387146,0.4576414073932684,0.7939412737799836,0.6039598842018197,0,0.6130449326132439,0,0,0,0,0,0,8.279315671678102,0,0,0,0,0,0,0,0,0,0,0,NA,Solea s.,Fish,Omnivore,Mobile,0.03932447377214815,0.002049645583742166,0.007690712786886327,0.03932447377214815,0,0,27.438996507851666,5.297209090069431,59.40969204452814,111.4325897743766,207.76771836606827,599.5256271787374,110.22416385755407,434.9126665846848,532.0893153809254,164.03987136591184,98.18265349924545,964.9349398662212,500.6333365783319,1671.3808783122631,33.84888144957439,122.62104788633455,249.58157690560788,488.30161394172615,45.078642832053994,0.7710681131793755,0,0,17.271443865534206,NA,24.169465483509406,4.666012921599716,52.33064922200283,98.15468767304156,183.01087272631307,528.0883340041042,97.09025339325066,383.0900550736861,468.6874878446611,144.4934769302957,86.48356561255207,849.9568020373952,440.97968906631536,1472.225211902573,29.815571849239753,108.00996981039225,219.84234396523246,430.11736964685815,39.70723570962261,8.264780045851305,0,0,0,11.875010515488261,24.468477549532782,7.904127878336906,13.71251214262171,10.431259237026268,0,10.588171140679842,0,0,0,0,0,0,142.99573586842595,0,0,0,0,0,0,0,0,0,0,0,0.679190441297329,0.035400338643842906,0.1328297141846533,0.679190441297329,0,0,327.7617724925254,0.04906483214277664,0.03932447377214815,13.330679019686102,4.438318415394755,0.6130449326132439,8.279315671678102,0.004269530309341819,8.242500690030955e-4,0.009244196695757228,0.017339002151700925,0.03232882698945963,0.09328667816748791,0.01715097009021531,0.06767276679993166,0.08279353287011543,0.025524738214711393,0.015277301225162583,0.1501446662279676,0.07789895682870458,0.26006823231915893,0.005266913651340051,0.01907993538918782,0.038835097593561733,0.07598013069567457,0.007014273711517662,0.8014798391180785,0.04177423001831091,0.1567459308636106,1,0,0,0.03589635760924837,0,0,0,0.051576644715611915,0.10627375627652565,0.03432993973656149,0.059557451845290814,0.04530601054229278,0,0.0459875248446031,0,0,0,0,0,0,0.6210723144298659,0,0,0,0,0,0,0,0,0,0,0
2017,2017-10-04T00:00:00Z,autumn,Embouchure,Solea solea,G1,2016,WB,41017 AN1 Sole G1 3,F,20,NA,NA,67.8,NA,24.175913308675646,8.3,NA,NA,83.52037102433398,2.21063180377513,7.846981701078969,3.4225013599738086,1.0335887758952873,10.14457260882429,17.304111264364373,28.482779471073002,67.68187044140578,9.85813596667443,56.505250245235565,53.42076772143176,15.58161725809602,12.45370429362104,94.25425657081358,60.82926426148688,175.91406031975816,4.937218390866266,18.40810796757105,41.184984299842,45.08564815188723,6.768413993970901,0,0,0,0,0.789269625581567,1.4717449619239171,0,0,0.4191021711838121,0.6001080053171848,1.085615690039401,0,0,0.1554861162395687,0,0,0,8.720039629100294,0,0,0,0,0,0.05156561553799571,0,0,0,0,0,NA,Solea s.,Fish,Omnivore,Mobile,0.08352037102433399,0.00221063180377513,0.007846981701078969,0.08352037102433399,0,0,41.23495614426275,12.45287681801551,122.223766371377,208.48326824535388,343.16601772377106,815.4442221856117,118.77272249005337,680.7861475329586,643.6237074871295,187.7303284107954,150.044630043627,1135.5934526604046,732.882701945625,2119.446509876604,59.48455892609959,221.78443334422948,496.2046301185783,543.2005801432196,81.54715655386627,1.0062695304136624,0,0,16.391269223282087,NA,56.09914120837978,16.94183189186223,166.28242078637206,283.63634640382463,466.86890653772974,1109.39175994038,161.5873606694808,926.1927692985823,875.6341858364055,255.40248341159034,204.13201990388654,1544.94689489251,997.0688471642028,2883.4547228618408,80.92727585882854,301.7322535877011,675.0741656153562,739.010996963754,110.94289598980701,0,0,0,0,12.937130922666515,24.12376789890397,0,0,6.86961651993592,9.836531878200773,17.79461904845498,0,0,2.5486147917653037,0,0,0,142.9325171982718,0,0,0,0,0,0.8452258869475457,0,0,0,0,0,1.3690048870882667,0.03623506104922786,0.12862198965255342,1.3690048870882667,0,0,723.2708533627914,0.09357798452918809,0.08352037102433399,13.29293181492374,3.2802247640064808,1.2411018062789696,8.720039629100294,0.004731977438412118,0.0014290480130502935,0.014025966291407834,0.02392480103948646,0.03938051608003356,0.09357748916152808,0.013629936725418694,0.07812460571654287,0.07385997579337819,0.021543267208474538,0.017218590014679166,0.13031668030390797,0.084103021680835,0.24322017056523082,0.006826237180595699,0.025451195609478783,0.05694268489924021,0.062335773579517306,0.009358062698782466,0.8925215844789112,0.023623417568750988,0.08385499795233783,1,0,0,0,0,0,0,0.05937513534038202,0.11071635530933928,0,0,0.031528196865742854,0.04514489457047046,0.0816686420388164,0,0,0.011696901662055257,0,0,0,0.6559906987042887,0,0,0,0,0,0.0038791755089049584,0,0,0,0,0
2017,2017-10-04T00:00:00Z,autumn,Embouchure,Solea solea,G1,2016,WB,41017 AN2 Sole G1 1,F,20,NA,NA,74.8,NA,25.213434517104403,10,NA,NA,58.82695928258512,2.215405663613391,7.863927259688223,2.7091091986061473,0.8144902811554322,8.541545298741342,12.69559739552707,22.491287013797333,53.81261336000237,7.813916719672656,49.17942314734134,40.679334761373184,13.127678260480131,13.727808759421443,75.68706830403549,53.86283854418668,140.1033484936981,4.487594935665859,16.11294962046295,37.75506803207558,38.30232528459819,6.405107422119833,0,0,0,0,1.3347297863426895,2.185590247829337,0.36595259579130546,0.7535260438486244,0.6194665549504258,1.0607457059069962,0,0,0,0.19494484010613042,0,0,0,13.285329850415238,0,0,0,0,0,0,0,0,0,0,0,NA,Solea s.,Fish,Omnivore,Mobile,0.05882695928258512,0.002215405663613391,0.007863927259688224,0.05882695928258512,0,0,27.09109198606147,8.14490281155432,85.41545298741342,126.9559739552707,224.91287013797333,538.1261336000236,78.13916719672656,491.7942314734134,406.79334761373184,131.2767826048013,137.2780875942144,756.8706830403548,538.6283854418667,1401.0334849369808,44.87594935665859,161.12949620462948,377.55068032075576,383.02325284598186,64.05107422119833,0.5882695928258511,0,0,18.859649018794094,NA,51.09284863929848,15.361000831810372,161.09054641239246,239.43451096355696,424.17777906117925,1014.8870007537147,147.36772679511319,927.5066595056156,767.1979759175283,247.58340442430867,258.9016549998156,1427.4315434756045,1015.8342300993351,2642.2999789489404,84.63446542517596,303.88457449944275,712.0473317656384,722.3684114712045,120.79807790885309,0,0,0,0,25.172535305353154,41.219464972960495,6.901737514140645,14.211236713505505,11.682921805246556,20.005291711598932,0,0,0,3.676591262426554,0,0,0,250.55665807773963,0,0,0,0,0,0,0,0,0,0,0,1.1094558049124466,0.04178177324999717,0.14831090802704713,1.1094558049124466,0,0,598.3091048329611,0.06890629220588673,0.05882695928258512,19.800285625190746,6.320010934669378,0.19494484010613042,13.285329850415238,0.004527942457707526,0.0013613202182220269,0.014276141261674454,0.0212191278604585,0.037591416931682095,0.08994115738055841,0.013059999683364645,0.08219735041650669,0.06799049928001721,0.02194129782488465,0.022944342060871762,0.1265016154570574,0.09002510259178552,0.23416549633289108,0.007500462385439928,0.026930811331981053,0.06310294750172024,0.06401762061650662,0.010705348406670232,0.8537240562416951,0.032150992205384206,0.11412495155292075,1,0,0,0,0,0,0,0.06740962285132851,0.11038175353636001,0.018482187717823898,0.038056321919415007,0.0312857383310832,0.05357224264267539,0,0,0,0.009845556968032496,0,0,0,0.6709665760332815,0,0,0,0,0,0,0,0,0,0,0
2017,2017-10-10T00:00:00Z,autumn,Embouchure,Solea solea,G1,2016,WB,41017 AN5 Sole G1 1,M,20,NA,NA,61.6,NA,25.056652638394283,16.4,NA,NA,401.45395058353523,5.285446082108868,8.901102887958169,6.09605950675353,2.3782455469246706,22.14238607544343,33.146794202124,60.43869349846224,172.0742176642584,22.229824216732105,152.1276783454582,113.39169477809585,30.089332995423757,39.8445642494072,194.80957076967385,152.3448711788666,268.228742166958,8.416481183420537,29.57065986724772,67.7179705806101,81.64843003873972,9.016173261164635,0,0,0,0,0.2565660596386853,0.628348220954202,0,0.4747696437640571,0.4023978814481608,0,0,0,0,0,0,0,0,3.3635815219942726,0,0,0,0,0,0,0,0,0,0,0,NA,Solea s.,Fish,Omnivore,Mobile,0.4014539505835352,0.0052854460821088675,0.00890110288795817,0.4014539505835352,0,0,37.17109455337519,14.501497237345554,135.01454924050873,202.11459879343906,368.5286188930625,1049.2330345381613,135.5477086386104,927.6077947893795,691.4127730371699,183.47154265502292,242.954660057361,1187.8632364004504,928.9321413345526,1635.5411107741343,51.32000721597889,180.3089016295593,412.9144547598177,497.8562807240227,54.97666622661364,2.447889942582532,0,0,15.43489802525088,NA,94.0920568426019,36.707977495789294,341.7654711102044,511.617388373761,932.865070928158,2655.9480024226523,343.11506990451255,2348.075202080314,1750.189245810282,464.42578643218224,614.996786050157,3006.8658591728104,2351.4275513157877,4140.083282788307,129.90752879753882,456.42011959034727,1045.219970388656,1260.2351915697782,139.16371486406982,0,0,0,0,3.9600709672635426,9.698490714775915,0,7.328021036982909,6.210970265729355,0,0,0,0,0,0,0,0,51.916537791599744,0,0,0,0,0,0,0,0,0,0,0,6.196400789090972,0.08158032129531216,0.13738761538790045,6.196400789090972,0,0,1465.7123901257646,0.41564049955360227,0.4014539505835352,5.125663327799378,1.762081805805105,0,3.3635815219942726,0.004159110305556236,0.0016225867796072916,0.015106910622174324,0.022614801120211487,0.04123502939978309,0.11739971554002739,0.015166566351277612,0.1037909479174185,0.07736285477423463,0.020528811244368315,0.027184435717288544,0.13291118508792732,0.10393913035407631,0.18300230248032684,0.005742246050535443,0.020174940231425912,0.04620140420236169,0.055705628599983334,0.0061513932214157015,0.965868222694123,0.012716388532362545,0.021415388773514493,1,0,0,0,0,0,0,0.05005519153924568,0.12258866428981266,0,0.09262599070623936,0.07850649871319658,0,0,0,0,0,0,0,0,0.6562236547515057,0,0,0,0,0,0,0,0,0,0,0
2017,2017-10-10T00:00:00Z,autumn,Embouchure,Solea solea,G1,2016,WB,41017 AN1 Sole G1 4,F,20.5,NA,NA,74.4,NA,22.70520837888664,5.1,NA,NA,26.378434074840452,2.2180321224585553,7.873250284201597,2.2365938345844447,0.7227174317596338,6.9654903665426975,11.849964340061883,20.949901754497308,49.90730408908108,7.102355182060086,38.11137664917064,43.219811447019275,12.024476977932817,9.00870018551219,76.25906869882715,42.81273575659359,152.18867292293817,4.362331856365851,17.1867651715569,44.53679059868959,40.05158761272388,7.567392509797999,0,0,0,0,0.9568087514145605,2.010066426351069,0.4689772694299287,0.7636226466856417,0.5818387572442646,0.6984671307568326,1.8791843255597218,0,0,0.33196735365728197,0,0,0,12.933952478834541,0.8879403796771271,0,0,0,0,0.07916395185350296,0,0,0,0,0,NA,Solea s.,Fish,Omnivore,Mobile,0.026378434074840452,0.0022180321224585554,0.007873250284201596,0.026378434074840452,0,0,43.85478107028323,14.170930034502623,136.57824248122938,232.35224196199772,410.7823873430845,978.5745899819821,139.26186631490367,747.2818950817773,847.4472832748878,235.77405839083957,176.64118010808215,1495.275856839748,839.4654069920313,2984.091625939964,85.5359187522716,336.99539552072355,873.2704038958744,785.3252473083114,148.38024529015686,0.5172241975458912,0,0,16.89267503389166,NA,37.78205283044066,12.208630716044265,117.6657652137087,200.17759675986983,353.89988233067976,843.06786979445906,119.97777806581747,643.8031008286864,730.0982298005674,203.12558204073073,152.18104471161692,1288.2196659165063,723.2216324480092,2570.8737955264214,73.69145443958168,290.33043892691796,752.3455306361444,676.5784541331851,127.8335025219234,0,0,0,0,16.163059307229798,33.95539893688453,7.922280610761638,12.899629218980811,9.828813048250739,11.798978261729888,31.74445014046325,0,0,5.607816627193451,0,0,0,218.4890561287494,14.999688283356086,0,0,0,0,1.337290913059871,0,0,0,0,0,0.44560231472921435,0.03746849585942537,0.13300025851151273,0.44560231472921435,0,0,587.0640373857152,0.0364697164815006,0.026378434074840452,21.591989471464473,5.479780981882297,2.2111516792170036,13.821892858511669,0.003809795341142569,0.0012310708640542922,0.011864958374151273,0.020185130727529425,0.035685888455696216,0.08501168681925372,0.012098092762908704,0.06491860209813967,0.07362026745750536,0.02048239410385216,0.01534534499103248,0.129899063547514,0.07292685811116137,0.25923692004820686,0.007430759812493325,0.029275792889804933,0.07586359879412584,0.06822354132111319,0.012890233480314584,0.7232969329010553,0.0608184635486174,0.21588460355032735,1,0,0,0,0,0,0,0.044313135326369955,0.09309315517254818,0.021719965640485298,0.03536601607252679,0.026946972997240977,0.03234843790934191,0.0870315506611011,0,0,0.015374560741426962,0,0,0,0.5990162460910694,0.041123601919619814,0,0,0,0,0.0036663574682696287,0,0,0,0,0
2017,2017-10-10T00:00:00Z,autumn,Embouchure,Solea solea,G1,2016,WB,41017 AN1 Sole G1 1,F,20.9,NA,NA,79,NA,24.088711970429358,8.1,NA,NA,58.43300465108217,2.19681585720374,7.797939848092126,3.018093539200173,0.8512689753179113,8.996818759335916,14.518103957923184,27.005449879426013,62.02710071198584,9.863505764849082,54.616124134745036,53.72874899341292,15.418101103051569,14.538145291452395,99.96614901627274,58.70074478813955,192.3956606887333,5.49758557325986,21.993180499583694,55.782900148555015,51.0174535779694,8.853829454119452,0,0,0,0,1.3403136165144898,2.396109461143438,0.43604410674676647,1.4064112743152042,0.906005269046158,1.3643491284420224,1.9550468843208724,0,0,0.36019885235843946,0,0,0,18.44441294291725,1.5503799997027934,0,0,0,0,0.1288570500559385,0,0,0,0,0,NA,Solea s.,Fish,Omnivore,Mobile,0.05843300465108217,0.00219681585720374,0.0077979398480921254,0.05843300465108217,0,0,37.260414064199665,10.50949352244335,111.0718365350113,179.23585133238498,333.40061579538286,765.7666754566153,121.77167610924792,674.273137465988,663.3178888075669,190.34692719816752,179.48327520311597,1234.149987855219,724.7005529399944,2375.255070231275,67.87142683036863,271.5207469084407,688.6777796117902,629.8451059008568,109.30653647061052,0.7213951191491625,0,0,19.030082456639192,NA,57.4345689128293,16.199718793078606,171.2102028376008,276.280715433338,513.915937984114,1180.380841095354,187.70332801661405,1039.3493457462398,1022.462523636718,293.40773531587104,276.6621036629399,1902.364058652351,1117.080013584429,3661.3052872061703,104.61950677156518,418.53203839082687,1061.5531894974727,970.8663483165199,168.48910456891394,0,0,0,0,25.506278640027023,45.59816062069293,8.297955306122548,26.764122518165337,17.241354976097963,25.963676413895502,37.20470341522174,0,0,6.854613861167909,0,0,0,350.9986991680184,29.503859233468404,0,0,0,0,2.452160287683794,0,0,0,0,0,1.1119848966992751,0.04180558690463968,0.14839543830110566,1.1119848966992751,0,0,758.7889648573331,0.06842776035637804,0.05843300465108217,30.288128585563374,7.849232856208079,2.3152457366793118,19.994792942620045,0.003977513747538003,0.0011218784335878767,0.011856812863676122,0.019133256584263673,0.03559019850071694,0.08174486396708223,0.012999010557175948,0.07197801584398887,0.07080855347377774,0.020319353360588828,0.019159668847036865,0.13174433689223233,0.07736109446343414,0.25355621865811845,0.007245210233511384,0.028984581376613503,0.07351569768683085,0.06723536574831668,0.011668368761509522,0.8539371206474935,0.03210416131936106,0.11395871803314533,1,0,0,0,0,0,0,0.044252110615818664,0.07911051534182693,0.014396535114903198,0.04643440648180424,0.02991288373881241,0.04504567274890433,0.06454828923477074,0,0,0.011892410299992114,0,0,0,0.6089650897648609,0.05118771188926381,0,0,0,0,0.004254374769042592,0,0,0,0,0
2017,2017-10-10T00:00:00Z,autumn,Embouchure,Solea solea,G1,2016,WB,41017 AN1 Sole G1 5,F,22.1,NA,NA,95.4,NA,23.998966371847715,8.1,NA,NA,64.21715854388275,4.816026731248624,8.110564137832764,2.408454768157568,0.7487829602167866,7.340246643845474,12.947695104887561,21.202761014914607,57.528326072288465,8.275351662957942,42.72702683745459,50.72191510782828,14.109223540429909,9.392622064019257,88.87475145467889,48.49211732211204,161.7517543870361,3.7204345871349638,13.818089701274113,29.8734527661576,42.69890552505795,4.990087204411592,1.8044227836350373,0,0,0,0.6131058948345599,1.6440735713422028,0,0.6289992374510973,0.36689377362243875,0.3949091572176911,0.4061698202256832,0,0,0,0,0,0,9.761222340537566,0.7724903657504377,0,0,0,0,0,0,0,0,0,0,NA,Solea s.,Fish,Omnivore,Mobile,0.06421715854388274,0.004816026731248624,0.008110564137832763,0.06421715854388274,0,0,29.734009483426767,9.244234076750452,90.62032893636388,159.84808771466123,261.7624816656124,710.2262478060304,102.16483534515977,527.4941584870936,626.1964828126949,174.1879449435791,115.95829708665748,1097.2191537614676,598.6681150878029,1996.9352393461247,45.931291199197084,170.59370001572978,368.80805884145184,527.1469817908389,61.60601486927891,0.7928044264676881,0,0,22.89501391874272,NA,55.14160543962979,17.143396296280706,168.05504907784666,296.4376596420377,485.43750855224545,1317.1118261470142,189.4642915059128,978.2358741500166,1161.2789523790152,323.0308693407952,215.04421288921085,2034.7886715796728,1110.22770103906,3703.3086680722454,85.17940165622682,316.3653560411062,683.9531168820815,977.5920363112822,114.24811600074334,41.31228474662066,0,0,0,14.03706799590046,37.64108729931679,0,14.40094629632143,8.400038053785776,9.041450651137994,9.299263687440245,0,0,0,0,0,0,223.48332135054997,17.686177675950926,0,0,0,0,0,0,0,0,0,0,1.4702527386843034,0.11026299904497426,0.18569147882453665,1.4702527386843034,0,0,621.6219987248637,0.07714374941296413,0.06421715854388274,16.392286944616714,5.452404418103027,0.4061698202256832,10.533712706288004,0.003874468363568283,0.0012045631617812252,0.011808215698451082,0.020828888185178827,0.03410876876688395,0.09254551188712208,0.013312514164449153,0.06873474060618953,0.08159607480410024,0.022697432795770144,0.015109861110588733,0.14297233951981766,0.07800901097706349,0.26020918615949606,0.005985043313728777,0.02222908733863864,0.04805726442667274,0.06868950200064738,0.008027526719851907,0.8324350194610964,0.062429254060074026,0.10513572647882953,1,0,0,0.11007754987034413,0,0,0,0.03740209629724094,0.10029555832550396,0,0.03837165854747698,0.02238209804782169,0.02409115692959369,0.024778105800488736,0,0,0,0,0,0,0.5954765417123927,0.047125234469137106,0,0,0,0,0,0,0,0,0,0
2017,2017-10-10T00:00:00Z,autumn,Embouchure,Solea solea,G1,2016,WB,41017 AN2 Sole G1 3,F,22.4,NA,NA,101.2,NA,24.780429980063587,8.3,NA,NA,135.844992785917,2.237586822630317,7.942662736404565,2.542402877185288,0.35134006502248244,7.7393774001475695,12.239946036435539,22.262924274533795,53.06458290598924,9.661371532043027,44.65121372082966,47.868026847682565,13.8085194857613,12.406928897019869,89.75578361504589,51.643443711566675,157.8526777616678,3.6235931889362503,14.224643834413149,28.599254880795943,40.64327527189003,4.474040461598992,2.2583365645599063,0,0,0,0.38423102682505544,0.7237670365125145,0.2194242360973652,0.37539215340688775,0.3345773555641722,0,0.7274276187968224,0,0,0,0,0,0,4.5371836594625865,0,0,0,0,0,0,0,0,0,0,0,NA,Solea s.,Fish,Omnivore,Mobile,0.135844992785917,0.002237586822630317,0.007942662736404565,0.135844992785917,0,0,30.631359966087807,4.233012831596174,93.24551084515143,147.46922935464505,268.2280033076361,639.332324168545,116.4020666511208,537.9664303714417,576.72321503232,166.3677046477265,149.48107104843214,1081.3949833138058,622.2101651995985,1901.839491104431,43.65774926429217,171.38125101702587,344.5693359132041,489.6780153239763,53.90410194697581,1.636686660071289,0,0,25.077795139824353,NA,63.757858516952666,8.810834175046383,194.08652095068715,306.9508592242355,558.3050541701812,1330.7427392966233,242.285896050306,1119.7539904354805,1200.4245710337955,346.28722284819463,311.13842119383116,2250.877154112524,1295.1037017137194,3958.597115179812,90.87172766220613,356.7227040163785,717.2062550522224,1019.2437310799472,112.19907014326472,56.63410172280805,0,0,0,9.635666977083096,18.15048147061861,5.502676041562176,9.414007520235447,8.39046238126248,0,18.242280803236955,0,0,0,0,0,0,113.78256232376133,0,0,0,0,0,0,0,0,0,0,0,3.4066928998561434,0.05611374394549358,0.1991844689682704,3.4066928998561434,0,0,617.413346768565,0.14602524234495187,0.135844992785917,9.560339651225311,4.295728372965901,0.7274276187968224,4.5371836594625865,0.0041178294743574725,5.690516197314745e-4,0.012535163745089308,0.01982455692041208,0.03605837870375511,0.08594660802802549,0.015648141690828322,0.0723198064222719,0.07752995152796026,0.022365113352396267,0.020095012461190862,0.14537389592371494,0.08364484503268281,0.25566774445003737,0.005868990697887423,0.02303909351630068,0.04632108299971083,0.06582830689457869,0.0072464265390687595,0.9302843166321455,0.015323287855564862,0.05439239551228963,1,0,0,0.23621928163090566,0,0,0,0.04019010211376853,0.07570515932660951,0.022951510521829886,0.039265566611827986,0.034996387970514284,0,0.07608805181974794,0,0,0,0,0,0,0.47458394000479615,0,0,0,0,0,0,0,0,0,0,0
2017,2017-10-10T00:00:00Z,autumn,Embouchure,Solea solea,G1,2016,WB,41017 AN1 Sole G1 2,F,23,NA,NA,102.2,NA,23.908457114707033,8,NA,NA,73.02018100268174,4.818400998681196,8.114562589121935,3.3503460431157013,1.0225614781610641,10.921285935000125,16.22677961749545,26.71674681253255,63.29500158252045,9.591797634642301,52.86054453381795,52.13043255107826,15.19208679346671,15.211474704124186,98.05703047797667,61.256881354517,188.7610091829183,5.826752172354398,21.799968331363225,56.530684328280074,52.46883254509257,9.436506220574646,1.1605515651801028,0,0,0,0.8004127358490566,2.069166204217536,0.4026442307692307,0.7869005503144654,0.45965998427672955,0.8586379716981131,0.6014023769885313,0,0,0.27122641509433965,0,0,0,13.064469455234923,1.0561563540510543,0,0,0,0,0.05748820754716981,0,0,0,0,0,NA,Solea s.,Fish,Omnivore,Mobile,0.07302018100268173,0.004818400998681196,0.008114562589121934,0.07302018100268173,0,0,41.87932553894627,12.7820184770133,136.51607418750154,202.83474521869312,333.95933515665683,791.1875197815056,119.89747043302876,660.7568066727243,651.6304068884782,189.90108491833388,190.1434338015523,1225.7128809747082,765.7110169314625,2359.5126147864785,72.83440215442998,272.4996041420403,706.633554103501,655.860406813657,117.95632775718308,0.9127522625335216,0,0,24.434443171230587,NA,81.86383999446787,24.985720327216068,266.85554053552045,396.49232441577533,652.8088317109825,1546.578119191046,234.37023421361127,1291.6179714118784,1273.7780916609909,371.21018140736504,371.683914208534,2395.9689387537464,1496.7777863037602,4612.270151824152,142.37344482823792,532.6700873273212,1381.295793650135,1282.0467070838783,230.57577498159512,28.357431266675935,0,0,0,19.557639507632974,50.55892402878428,9.838387574954622,19.22747677806888,11.231535763898494,20.98034072411824,14.69493220356926,0,0,6.62726642615924,0,0,0,319.22303646621555,25.80659241299458,0,0,0,0,1.40469234032723,0,0,0,0,0,1.784207463062998,0.1177349453784764,0.19827481844329364,1.784207463062998,0,0,760.6567222990316,0.08595314459048486,0.07302018100268173,21.58871605122125,6.537973242305234,0.8726287920828709,14.120625809285977,0.004404544053708636,0.0013443139962931556,0.014357706459217641,0.02133259214281463,0.035123263923551556,0.0832109935099446,0.012609890050865212,0.06949329833574686,0.06853345408362091,0.01997232963057198,0.019997818014607916,0.12891101544676575,0.08053157167844698,0.24815531585969736,0.007660159966434594,0.02865940402850099,0.07431826035457893,0.06897833281024482,0.012405735654387524,0.8495347244196715,0.05605846093982931,0.09440681464049923,1,0,0,0.05375732222456331,0,0,0,0.03707551361322287,0.09584480148371238,0.018650679818749738,0.036449622499433044,0.021291677707286676,0.03977253532173539,0.027857255408874144,0,0,0.01256334162952672,0,0,0,0.6051526836629952,0.048921684436685556,0,0,0,0,0.002662882193214902,0,0,0,0,0
2017,2017-10-12T00:00:00Z,autumn,Fosse Nord,Solea solea,G1,2016,WB,1017 FN8 sole G1 1,F,24.8,NA,NA,142.6,NA,23.75724736800302,6.1,NA,NA,45.2211819422106,4.80198101155859,8.08691005184755,1.5650859987715953,0.24946688610094733,3.362257288776503,7.3087753098484445,11.419267349744883,34.106319166125985,5.889529581581946,25.95377874306005,30.74954031859155,8.344975574862673,6.037696532739033,52.35771901541863,29.83353452058848,86.82133395479065,2.174589255818696,6.044827337666781,9.072724665244532,27.60117361608195,2.3083216411119984,0,0,0,0,0.5578770708874792,0.8736824753920784,0,0,0.2647502617478598,0.3282318162222085,0.33147531599940583,0,0,0,0,0,0,5.396417405417547,0,0,0,0,0,0,0,0,0,0,0,NA,Solea s.,Fish,Omnivore,Mobile,0.0452211819422106,0.00480198101155859,0.00808691005184755,0.0452211819422106,0,0,25.657147520845825,4.089621083622087,55.11897194715579,119.81598868604007,187.20110409417842,559.1199863299342,96.54966527183518,425.47178267311557,504.09082489494347,136.80287827643727,98.97863168424644,858.3232625478464,489.07433640308983,1423.3005566359122,35.649004193749114,99.09553012568495,148.73319123351692,452.4782560013435,37.84133837888522,0.7413308515116492,0,0,33.87783474677231,NA,53.02172483087119,8.451397942119764,113.90599680530107,247.60548214833517,386.8600522038697,1155.4482445306892,199.5245099010602,879.2578273116802,1041.727845452457,282.70970349104886,204.5440853872931,1773.7661525222904,1010.6955524006235,2941.318804214729,73.67037545073237,204.78566161824682,307.3642669121194,935.0679985825961,78.20093909999053,0,0,0,0,18.8996672165394,29.598470522483797,0,0,8.969165616658708,11.119783228608917,11.229665978062002,0,0,0,0,0,0,182.81893708534145,0,0,0,0,0,0,0,0,0,0,0,1.5319957288919348,0.16268071916672044,0.2739670023485032,1.5319957288919348,0,0,351.2009167569253,0.05811007300561674,0.0452211819422106,7.752434345666579,2.024541624249626,0.33147531599940583,5.396417405417547,0.004456383580156852,7.103252702315963e-4,0.009573600547015665,0.020810809314905705,0.0325149132729868,0.09711341155106322,0.01676968737999688,0.07390008825353747,0.08755541016959831,0.023761257948647193,0.017191573952860348,0.14908195428104956,0.08494720001325336,0.24721272016178078,0.006191866683889616,0.01721187801411849,0.02583343104290353,0.0785908358980321,0.006572652663972525,0.7781986771525766,0.08263594869506438,0.139165374152359,1,0,0,0,0,0,0,0.07196153440490842,0.11269782321735437,0,0,0.0341505970825601,0.04233919328909661,0.04275757797093663,0,0,0,0,0,0,0.6960932740351439,0,0,0,0,0,0,0,0,0,0,0
2017,2017-10-03T00:00:00Z,autumn,Fosse Sud,Solea solea,G1,2016,WB,031017 FS5 Sole G1 1,M,21,NA,NA,83.8,NA,25.767173525446836,8,NA,NA,52.74288397334163,2.2189774725690135,7.876605951574704,2.1647717678720975,0.3729925383412779,5.12464137945824,9.290232736164603,17.06573819764101,44.61114970168474,7.003804507216299,35.54934891661411,41.804157341265366,9.961945708118957,7.499007452170047,60.74214297443209,38.77426536685135,116.74493014740665,2.4739283013318305,7.2263683178400075,10.088956570422308,27.981176885010917,2.061310892864034,0,0,0,0,0.5147197362223269,0.6272300466981967,0.25907537062379626,0.47765317583970435,0.396780680459437,0.31043244320446395,0,0,0,0,0,0,0,3.5331937111958447,0,0,0,0,0,0,0,0,0,0,0,NA,Solea s.,Fish,Omnivore,Mobile,0.05274288397334163,0.0022189774725690135,0.007876605951574705,0.05274288397334163,0,0,27.059647098401218,4.662406729265974,64.05801724322801,116.12790920205754,213.32172747051263,557.6393712710592,87.54755634020374,444.36686145767635,522.551966765817,124.52432135148696,93.73759315212558,759.2767871804011,484.6783170856419,1459.311626842583,30.92410376664788,90.32960397300009,126.11195713027885,349.7647110626365,25.766386160800426,0.6592860496667703,0,0,21.59289141432445,NA,46.743681720457374,8.053987378756462,110.65582484399563,200.60298668580458,368.4986318069514,963.283711376651,151.2323902114777,767.6132310063809,902.6726301372773,215.1072119508081,161.92525362991768,1311.5984975202828,837.2485017366224,2520.8605998458443,53.41926517748235,156.0381864070337,217.8497437089641,604.1945141230459,44.50966228077726,0,0,0,0,11.114287373058428,13.543710290155815,5.594186346005495,10.313913159613959,8.56764214846239,6.703134037597431,0,0,0,0,0,0,0,76.29186815162589,0,0,0,0,0,0,0,0,0,0,0,1.138871366514679,0.04791413961601482,0.1700786970257743,1.138871366514679,0,0,446.54086970270595,0.06283846739748535,0.05274288397334163,6.11908516424377,2.585891453047925,0,3.5331937111958447,0.0048478692875600395,8.352931694462941e-4,0.011476309845658873,0.020804887898278543,0.038217639986688985,0.09990384470605246,0.015684576670169585,0.07961051569654047,0.09361776307081895,0.022309146561996295,0.01679355230611404,0.13602818262720826,0.08683251186541142,0.26144287806205074,0.005540205766560407,0.016182994229959547,0.022593579345019963,0.06266207369471014,0.004616175209754922,0.839340712110561,0.0353124059906307,0.1253468818988082,1,0,0,0,0,0,0,0.08411710613704766,0.10250389230784848,0.042338905844565775,0.07805957312554178,0.06484313746407439,0.050731838971361805,0,0,0,0,0,0,0,0.5774055461495601,0,0,0,0,0,0,0,0,0,0,0
2017,2017-10-03T00:00:00Z,autumn,Fosse Sud,Solea solea,G1,2016,WB,031017 FS3 Sole G1 1,F,21.4,NA,NA,87.8,NA,24.04064077469866,8.5,NA,NA,43.42947712094089,2.173945051333786,7.716756362518462,1.8684087966782397,0.38706193960216523,5.33793574382501,7.546479002396044,15.95401517931278,42.016378843836264,6.8422047845817096,35.99146364226342,47.94320369535696,10.110102458351893,12.2596101685409,67.71366017320445,41.5932840669812,139.39084014503868,2.6062710042556336,10.47001846959985,18.39928082548601,30.011216888962245,3.5551692525347125,0,0,0,0,0.5805661404463799,0.6318652534503186,0.19216462180534036,0.8006260206859008,0.6128198149156233,0.6908002177463255,0,0,0,0,0,0,0,2.4883592173940885,0,0,0,0,0,0,0,0,0,0,0,NA,Solea s.,Fish,Omnivore,Mobile,0.04342947712094089,0.002173945051333786,0.007716756362518461,0.04342947712094089,0,0,21.981279960920464,4.553669877672532,62.799244045000115,88.78210591054169,187.69429622720915,494.3103393392501,80.49652687743188,423.4289840266284,564.0376905336112,118.94238186296343,144.23070786518704,796.6312961553464,489.33275372919053,1639.892237000455,30.662011814772157,123.17668787764529,216.46212735865893,353.073139870144,41.825520618055435,0.5109350249522457,0,0,21.10768260018542,NA,39.437779847678655,8.169980567734642,112.671453420843,159.28868353153962,336.7522886034744,886.8683886448415,144.42308687842078,759.6963908770098,1011.9699264376313,213.4008337462461,258.771960239567,1429.278446632816,877.9378383851885,2942.2176111546605,55.012341127894416,220.99782667439274,388.36617973603626,633.4672405375392,75.04138417244116,0,0,0,0,12.254405820956858,13.33721121591504,4.056149844051794,16.89935992608748,12.935206144343352,14.581191736328414,0,0,0,0,0,0,0,52.52349655600021,0,0,0,0,0,0,0,0,0,0,0,0.9166956185608348,0.04588694213379735,0.16288284400300107,0.9166956185608348,0,0,499.99660508080814,0.053320178534793136,0.04342947712094089,5.997201286443977,3.5088420690498885,0,2.4883592173940885,0.0037368429659162834,7.741291354160481e-4,0.01067594397558421,0.015093060484233492,0.03190824701046587,0.08403332826039027,0.013684502484723651,0.07198341604028806,0.09588705844834387,0.020220342209559452,0.024519386819755577,0.1354282398822703,0.08318713296115081,0.2787835731854833,0.005212577401069383,0.020940179119631648,0.03679881150895488,0.06002284132331641,0.0071103867834465305,0.8145035953433981,0.04077152611023642,0.1447248785463655,1,0,0,0,0,0,0,0.09680617886858102,0.10536002099488997,0.03204238320959939,0.1334999414636339,0.10218429991683554,0.1151870989069192,0,0,0,0,0,0,0,0.4149200766395409,0,0,0,0,0,0,0,0,0,0,0
2017,2017-10-12T00:00:00Z,autumn,Chenal,Solea solea,G1,2016,WB,1017 C6 Sole G1 1,F,25.6,NA,NA,161,NA,25.504390775714782,7.5,NA,NA,103.67367754125567,4.72669414260606,7.960121100404626,3.260783106278526,1.029761916796401,9.241522939286298,13.103513924239499,22.823358811329953,47.80036115061719,7.388590906677822,43.61696589533515,50.08940731178074,10.043253630889495,10.693813209412973,61.04003382167198,39.78473477177613,118.95089575644525,3.224751719451282,9.49589697500575,15.752013846358839,25.80675385794915,3.108967029243574,2.9173553719008263,0,0,0,0.5093914350112697,0.8529694612630927,0.2722143558920418,0.7881292261457551,0.4673178061607814,0.46468820435762587,1.2870358421355017,0,0,0,0,0,0,5.951652450612101,0.7776757855659168,0,0,0,0,0,0,0,0,0,0,NA,Solea s.,Fish,Omnivore,Mobile,0.10367367754125567,0.00472669414260606,0.007960121100404626,0.10367367754125567,0,0,43.47710808371368,13.73015889061868,123.22030585715065,174.71351898985998,304.31145081773275,637.3381486748959,98.51454542237097,581.5595452711353,667.8587641570765,133.91004841185995,142.5841761255063,813.8671176222931,530.4631302903484,1586.01194341927,42.996689592683765,126.61195966674333,210.02685128478453,344.090051439322,41.452893723247655,1.3823157005500757,0,0,41.062069148900804,NA,133.8945013895764,42.28415503439845,379.476053974127,538.0573948507068,937.174337721005,1962.7817349090747,303.39083072294443,1791.0028696595,2056.774706663798,412.3967750715335,439.11009747034433,2506.4300896367386,1633.6435302693496,4884.369906874846,132.4149780921453,389.92117821852406,646.8102817936295,1059.6787114237707,127.66061913645234,119.79264801290896,0,0,0,20.916666328290567,35.02469100028578,11.177684704962513,32.36221678226668,19.189036071086626,19.08105918001138,52.84835474688175,0,0,0,0,0,0,244.387164477259,31.932976882333428,0,0,0,0,0,0,0,0,0,0,4.2570557161198845,0.19408784172939442,0.3268590430584391,4.2570557161198845,0,0,496.255380580546,0.11636049278426636,0.10367367754125567,14.288429939044912,6.272065860731393,1.2870358421355017,6.729328236178017,0.006570776325818146,0.0020750644871431532,0.01862251433621752,0.02640477954901025,0.04599115637724668,0.09632210152502081,0.014888686744382006,0.08789217729853065,0.10093473899100798,0.020238075039388716,0.021549012117315042,0.12300125340759852,0.08016988092952025,0.2396969391390581,0.0064981697844339655,0.01913510129380752,0.03174174923389504,0.05200297038141739,0.006264853039188288,0.89096973603805385,0.0406211251732098,0.0684091387887363,1,0,0,0.20417606303466485,0,0,0,0.035650623419392936,0.05969651423577671,0.01905138332576221,0.055158560423220045,0.03270602915466432,0.032521992013118776,0.09007538600294468,0,0,0,0,0,0,0.41653648973345003,0.05442695865700548,0,0,0,0,0,0,0,0,0,0
2018,2018-09-27T00:00:00Z,autumn,Embouchure,Solea solea,G1,2017,WB,092018-G1-01,F,19.4,NA,17,59.046,NA,26.2402088772846,6.42,NA,NA,86.20290837614822,2.689948150910314,15.053472794574768,2.7667333368375413,0.9861692386709509,6.077277956743219,11.367036237022045,18.43716102002781,46.01750386294685,7.574327158314936,33.22101413120474,44.71501290479114,11.752357680455503,7.641047089124602,76.08176382011604,35.30568481211584,143.7982529988056,4.279601327226572,16.852244084910488,40.66766142302643,34.55301553903959,5.884807221409198,0,0,0,0,0.6428977272727272,1.1639920300287947,0.3550864039806346,1.0417176573426574,0.4323208041958042,0,1.3743144796380087,0,0,0.31650349650349646,0,0,0,6.732617595639654,0,0,0,0,0,0,0,0,0,0,0,NA,Solea s.,Fish,Omnivore,Mobile,0.08620290837614822,0.002689948150910314,0.015053472794574767,0.08620290837614822,0,0,43.095534841706254,15.360891568083348,94.66165041656106,177.0566392059509,287.1831934583771,716.783549267085,117.98017380552861,517.4612793022545,696.4955281120116,183.05853084821658,119.01942506424615,1185.0742028055458,549.9327852354493,2239.8481775514892,66.66045681038274,262.4960137836525,633.4526701405987,538.2089647825483,91.66366388487849,1.3427244295350191,0,0,15.493793733681466,NA,42.86719563706111,15.279502770469401,94.1600911240286,176.1185148197023,285.661569878983,712.9857129913886,117.35506266235329,514.7195405726035,692.8051867457389,182.08860578542473,118.38880750824377,1178.7951555235472,547.0189981052933,2227.980471227236,66.30726022643795,261.1051938012567,630.0963577195664,535.3572956385699,91.17798925099328,0,0,0,0,9.960924778216237,18.034652420915307,5.501635500910642,16.140158511601,6.6982893669890835,0,21.293345072723085,0,0,4.903839890814147,0,0,0,104.31378831459526,0,0,0,0,0,0,0,0,0,0,0,1.3356100816234828,0.04167750180450227,0.23323540245472696,1.3356100816234828,0,0,547.9786718427891,0.1039463293216333,0.08620290837614822,12.059450194601778,3.636014622820618,1.6908179761415052,6.732617595639654,0.005048979967657018,0.001799648945011997,0.01109035491528536,0.020743574195681763,0.03364576390906923,0.08397681557239316,0.013822302851392639,0.060624648071586976,0.08159991474562267,0.021446742883137547,0.013944059288710346,0.1388407391190278,0.06442893971290323,0.2624157843866964,0.007809795430239585,0.030753467152723906,0.07421394939745697,0.06305540217987277,0.010739117275530577,0.829302092134654,0.025878240900522903,0.14481966696482318,1,0,0,0,0,0,0,0.05331069965034643,0.09652115239464543,0.029444659437258876,0.0863818532795936,0.035849130534103935,0,0.11396161992967131,0,0,0.026245267520170548,0,0,0,0.5582856172542098,0,0,0,0,0,0,0,0,0,0,0
2018,2018-09-27T00:00:00Z,autumn,Embouchure,Solea solea,G1,2017,WB,092018-G1-02,F,19.2,NA,17,68.632,NA,22.076897246474118,6.6,NA,NA,152.41921550964491,2.3681923586496043,13.252864829824846,3.6826209485183474,1.612394000306621,9.083555659966851,16.94720185997654,24.70904781891837,60.099342315042406,9.56199386693509,52.51109582038913,54.39515883440366,13.905370867208479,10.659077040899941,87.90332143381193,51.27259370223021,160.96745274782154,5.623541958010597,15.787665235326537,42.55159019164081,40.442187182187965,6.062887827344627,0,0,0,0,0.3972023098367185,1.203483655871385,0.3613408694053855,0.9005874153723618,0.5198309257449043,0,1.437041349612507,0,0,0,0,0,0,6.956242106922057,1.0796714243425185,0,0,0,0,0,0,0,0,0,0,NA,Solea s.,Fish,Omnivore,Mobile,0.1524192155096449,0.0023681923586496042,0.013252864829824846,0.1524192155096449,0,0,55.79728709876284,24.430212125857892,137.62963121161894,256.7757857572203,374.37951240785407,910.5960956824607,144.87869495356196,795.6226639452898,824.1690732485403,210.68743738194664,161.50116728636274,1331.8685065729078,776.8574803368214,2438.900799209417,85.20518118197874,239.20704902009905,644.7210635097092,612.7604118513327,91.8619367779489,2.3093820531764377,0,0,15.151816118200118,NA,55.79839544498171,24.430697402735028,137.63236505925366,256.7808863003836,374.38694900806485,910.6141835822859,144.88157279515778,795.6384680357229,824.185444379173,210.6916224353198,161.50437531344454,1331.8949625441574,776.8729116793776,2438.9492450500584,85.20687368075963,239.2118005813683,644.7338701207493,612.7725836023418,91.86376150519962,0,0,0,0,6.018336360370308,18.234963055022458,5.474970409220965,13.645534916087136,7.87638259944053,0,21.773786283578833,0,0,0,0,0,0,105.39970127776397,16.35898288971305,0,0,0,0,0,0,0,0,0,0,2.309427926282455,0.03588241515078543,0.20080497094086758,2.309427926282455,0,0,667.7780993109396,0.16804027269811936,0.1524192155096449,12.855400057107838,3.382445176230755,1.437041349612507,8.035913531264574,0.0055147375337980305,0.0024145655599822793,0.013602655836332312,0.025378493061488323,0.037001884075585745,0.08999897177978303,0.014319118696467924,0.07863554656041247,0.08145693740260786,0.02082334068990435,0.015962004522009222,0.13163552611940516,0.07678088537964464,0.24104931400703178,0.008421273419738327,0.023642082978787952,0.0637211526337095,0.06056231437347085,0.009079195369840282,0.9070398010092656,0.014093004734073537,0.07886719425666087,1,0,0,0,0,0,0,0.030897701205113617,0.09361697423068299,0.028108099926893965,0.07005518392050514,0.040436775474559136,0,0.11178503533368897,0,0,0,0,0,0,0.541114401420429,0.08398582848812712,0,0,0,0,0,0,0,0,0,0
2018,2018-09-27T00:00:00Z,autumn,Embouchure,Solea solea,G1,2017,WB,092018-G1-04,F,19,NA,16.3,66.318,NA,22.242166533059148,5.07,NA,NA,73.9698395215298,1.7729896760558181,12.193708810611373,2.476347359589564,0.8639319482728374,7.19471348053324,13.935007122747216,20.377535781501756,59.96595868374754,8.333120733916106,44.001991149880084,48.76110257211421,13.556766549365406,11.84586264192822,91.11073266454657,51.560304396699976,173.20760699957722,4.131062187241396,20.05927803081295,49.663611606529116,45.55691308893273,7.3037655070656005,0.5646768004722549,0,0,0,0.6582284902597402,1.653346261025071,0.4992610372581963,0.8602281951003541,0.5627628763282172,0,1.1069959827939437,0,0,0.36525974025974023,0,0,0,9.257461564171123,1.3745611131849431,0,0,0,0,0.06018484356552537,0,0,0,0,0,NA,Solea s.,Fish,Omnivore,Mobile,0.0739698395215298,0.001772989676055818,0.012193708810611372,0.0739698395215298,0,0,48.84314318717089,17.04007787520389,141.90756371860434,274.8522114940279,401.9237826726184,1182.7605263066575,164.36135569854252,867.8893717925065,961.7574471817398,267.3918451551362,233.6462059551917,1797.0558710955931,1016.9685285345163,3416.3236094591166,81.480516513637,395.64650948349015,979.5584143299628,898.5584435686928,144.0584912636213,1.4589711937185363,0,0,14.750560001394165,NA,36.527510311919876,12.743480040119847,106.126052887445,205.54915868393786,300.58006422559816,884.5314716057416,122.9181973844913,649.0540106371212,719.2535692241061,199.96989841130775,174.7331076680358,1343.9343289393776,760.5433636936704,2554.9091997451637,60.93548066239482,295.8855841781542,732.5660828880434,671.9899799966014,107.73463134808422,8.329299026761277,0,0,0,9.709238840203392,24.38778322633101,7.364379886435312,12.68884760671878,8.301067573836532,0,16.32881066550437,0,0,5.387785714794946,0,0,0,136.55274226290643,20.27554617561766,0,0,0,0,0.8877601461878035,0,0,0,0,0,1.0910965561558228,0.02615259059851375,0.17986403345045174,1.0910965561558228,0,0,673.9056125050017,0.087936538008197,0.0739698395215298,16.96296690441911,4.798503660443834,1.472255723053684,10.632022677356066,0.003674620471529586,0.0012819776720088161,0.010676144176614704,0.020677980512654938,0.030237967162427385,0.08898272632104318,0.012365412276269264,0.06529399716129164,0.07235598230271796,0.020116714118128504,0.017577925487065594,0.1351980618263071,0.07650968242428356,0.25702057348319185,0.006130030839015656,0.029765708518511666,0.07369520402408061,0.06760132612576306,0.010837965097094946,0.8411729776607161,0.020162150071117754,0.13866487226816612,1,0,0,0.0332887992798682,0,0,0,0.03880385394657946,0.09746798837379972,0.029432412388196744,0.050712130722618556,0.03317596971680756,0,0.06525957334182823,0,0,0.021532774444344673,0,0,0,0.5457454239187023,0.08103305989631149,0,0,0,0,0.0035480139709431558,0,0,0,0,0
2018,2018-09-27T00:00:00Z,autumn,Embouchure,Solea solea,G1,2017,WB,092018-G1-09,M,21.5,NA,18.8,95.64,NA,26.449233738483102,11.5,NA,NA,247.03932719409093,2.4167135510176267,13.524398855127592,4.438213367277423,1.3077965088433268,13.584984277314804,26.11437068676053,33.79501282883094,78.1611491221937,10.23174154408375,62.705558933349245,63.090009534861466,15.457610131418367,13.245238360786487,100.1696473717644,64.43871668538375,187.79085948192906,6.646242140812269,22.26094408433592,53.48937953872338,47.980165971643004,8.466309790024834,0.8605439914876637,0,0,0,0.3425924386513267,0.9816343705135177,0,0.8447911817516792,0.47164909888940615,0,0.8592644516076031,0,0,0.1945201835472501,0,0,0,5.458780449401281,0,0,0,0,0,0,0,0,0,0,0,NA,Solea s.,Fish,Omnivore,Mobile,0.24703932719409094,0.002416713551017627,0.013524398855127592,0.24703932719409094,0,0,38.59315971545585,11.372143555159363,118.13029806360699,227.08148423270026,293.869676772443,679.6621662799453,88.97166560072826,545.2657298552108,548.6087785640127,134.4140011427684,115.17598574596946,871.040411928386,560.336666829424,1632.9639954950353,57.79340992010669,193.57342682031236,465.12503946715975,417.2188345360261,73.62008513065072,2.1481680625573123,0,0,25.296047147485236,NA,112.2692545892489,33.08208214701739,343.6464027768009,660.5903521192008,854.8802378679759,1977.1681132966362,258.82261650002596,1586.2027751874166,1595.9278557291486,391.01643467180446,335.05217405413504,2533.8961226631227,1630.044815396911,4750.366435321653,168.12365454759038,563.113891104894,1353.0698667012787,1213.7085405628482,214.16417161368403,21.768361381157074,0,0,0,8.666234480495904,24.831469318101934,0,21.369877563370245,11.930857842575344,0,21.735994080023975,0,0,4.92059173414872,0,0,0,138.08556761582545,0,0,0,0,0,0,0,0,0,0,0,6.249118467984756,0.061133299928508356,0.3421138310807029,6.249118467984756,0,0,813.3739503603366,0.26298043960023615,0.24703932719409094,10.013776165849727,3.5012110812935933,1.0537846351548532,5.458780449401281,0.005456547219530733,0.0016078662320866727,0.016702015439880338,0.03210622945963721,0.04154917035867605,0.09609497462706688,0.012579381893839775,0.07709314873628514,0.07756581029784844,0.01900430930271423,0.016284315910189466,0.12315325235998494,0.07922397398740942,0.2308788711498997,0.008171201128174668,0.02736864645649642,0.06576234647670581,0.05898906148935196,0.0104088774742222,0.9393828969547022,0.009189708385503273,0.05142739465979449,1,0,0,0.08593601227301265,0,0,0,0.03421211269128221,0.0980283915134047,0,0.08436289844711081,0.047100024114567776,0,0.08580823431404207,0,0,0.01942525779741592,0,0,0,0.545127068849164,0,0,0,0,0,0,0,0,0,0,0
2018,2018-09-27T00:00:00Z,autumn,Embouchure,Solea solea,G1,2017,WB,092018-G1-10,M,19,NA,16.8,66.26,NA,22.897511390364656,6.6,NA,NA,97.168262847647,2.3380585196867494,13.778196154028223,2.6450718784932374,1.1025249587791957,8.462686728227439,17.006925842904852,22.828434121017636,57.771384180411886,7.517989501179375,45.71976207159662,48.7358607185016,12.703319788931047,9.066302224691004,83.83927607525723,47.042810866531866,164.92288020778943,4.907341957629377,17.155067630298493,44.42173875893316,41.69350488773522,6.257166552110656,0.9249710421103763,0,0,0,0.4079139109965251,1.2649571071562802,0.45889273077929055,0.659455218024885,0.3477188655980271,0.6840040354220378,1.1878673585788981,0,0,0.31375406344580203,0,0,0,6.218173905589587,0,0,0,0,0,0.08709785898441878,0,0,0,0,0,NA,Solea s.,Fish,Omnivore,Mobile,0.097168262847647,0.0023380585196867494,0.013778196154028222,0.097168262847647,0.0023380585196867494,0.013778196154028222,40.07684664383693,16.7049236178666,128.22252618526423,257.68069458946746,345.8853654699642,875.3240027335133,113.90893183605114,692.723667751464,738.422132098509,192.474542256531,137.36821552562125,1270.2920617463217,712.7698616141191,2498.83151829984,74.35366602468753,259.9252671257347,673.0566478626235,631.7197710262913,94.80555381985842,1.4722464067825303,0.03542512908616287,0.20876054778830638,15.171891047255622,NA,40.13074235265916,16.72738855147795,128.39496100772286,258.0272259373084,346.35051526353226,876.5011464343562,114.06211760630512,693.6552488567139,739.4151689153314,192.73338377610813,137.55294955450316,1272.0003620945877,713.7284010236743,2502.191969712172,74.45365751277903,260.2748169951904,673.9617805801861,632.5693135349386,94.93304919315499,14.033559872765121,0,0,0,6.188825414299205,19.191791409226738,6.962270513761003,10.005182718417759,5.275552743928588,10.377634701306333,18.02219414295037,0,0,4.760242466233437,0,0,0,94.34145700849318,0,0,0,0,0,1.321439226960836,0,0,0,0,0,1.4742262971755966,0.03547276912279513,0.20904129087663262,1.4742262971755966,0.03547276912279513,0.20904129087663262,643.8000489510193,0.11328451752136197,0.11328451752136197,12.554806096686127,4.747912910087422,1.5016214220247002,6.218173905589587,0.004108530098441288,0.001712526988116269,0.013144899168641233,0.026416471807691255,0.0354588884518001,0.08973497947777752,0.0116775224130984,0.07101546846119455,0.0757003060156795,0.019731778227773205,0.014082481415562571,0.1302256441450438,0.0730705301175131,0.2561709656228014,0.007622462852597159,0.0266465770828229,0.06899927831834134,0.0647615745846383,0.00971911475046611,0.8577364760310169,0.02063881782650364,0.12162470614247953,0.8577364760310169,0.02063881782650364,0.12162470614247953,0.07367465773561606,0,0,0,0.032490657988273906,0.10075481034232531,0.03655116034810099,0.05252611732481874,0.027696076141694326,0.054481449586272976,0.09461455234202612,0,0,0.024990753423791884,0,0,0,0.4952823530449339,0,0,0,0,0,0.006937411722145871,0,0,0,0,0
2018,2018-09-27T00:00:00Z,autumn,Embouchure,Solea solea,G1,2017,WB,092018-G1-11,F,19,NA,16.8,66.74,NA,22.49766213311898,5.8,NA,NA,74.93951658546827,2.3568606930037137,13.189450625926563,2.263951273202202,0.6823545392323582,6.673199842756073,13.41906390195596,19.443804040070304,51.259539839636346,7.2219344432598165,40.297282987324074,45.21157946035497,11.611049617666023,8.782870659658844,74.58675797896696,43.084773762954114,143.25769189621633,4.180328383545801,13.817311614291917,35.5427246545526,34.57606453938868,4.989701036991385,0,0,0,0,0.3957332840783155,0.7892348812447033,0.26942257963683897,0.5370336165496861,0,0.3998891762098264,0.9496094004650252,0,0,0.203638714444034,0,0,0,7.2604858862643695,0.8512603489862883,0,0,0,0,0.04432951606944957,0,0,0,0,0,NA,Solea s.,Fish,Omnivore,Mobile,0.07493951658546827,0.0023568606930037136,0.013189450625926562,0.07493951658546827,0,0,39.03364264141727,11.76473343504066,115.05516970269093,231.36317072337863,335.23800069086735,883.7851696489026,124.5161110906865,694.7807411607599,779.5099906957754,200.1905106494142,151.42880447687662,1285.978585844258,742.8409269474848,2469.9602051071784,72.0746273025138,238.22951059123997,612.8055974922862,596.1390437825635,86.02932822398941,1.2920606307839357,0,0,15.014939707643604,NA,33.993091868174034,10.245512265810792,100.19769329603922,201.48643542088547,291.94754534889273,769.658900133695,108.43691023810082,605.0612744365233,678.8491396845678,174.33920995171366,131.87427341480955,1119.9156740427943,646.915280368221,2151.005606477872,62.76737863709145,207.46610081031685,533.6718677334851,519.1575243865151,74.92006022959242,0,0,0,0,5.941911400743706,11.850314157058481,4.045363789124944,8.06352737347133,0,6.004311870529812,14.258327893793943,0,0,3.057623019519223,0,0,0,109.01575783045685,12.781622815536773,0,0,0,0,0.6656050110518036,0,0,0,0,0,1.125212323250764,0.03538812120476588,0.19803880592522954,1.125212323250764,0,0,560.9019844720248,0.09048582790439855,0.07493951658546827,11.700637403948537,2.39131353771937,1.1532481149090592,8.111746235250658,0.0040362689665526,0.0012165307988251395,0.011897265524987462,0.02392407991672071,0.03466524380079114,0.09138769563792289,0.012875572993484415,0.07184371619803731,0.08060513371674462,0.020700674875656692,0.01565847670859309,0.13297645585828197,0.07681337373678518,0.2554059280625729,0.007452867879368853,0.024634092937464123,0.0633670866542019,0.061643683739031556,0.008895851993977476,0.8281906495307143,0.02604673845161498,0.14576261201767066,1,0,0,0,0,0,0,0.03382151505222869,0.06745229802423973,0.023026316459128858,0.04589780864147255,0,0.034176700157794684,0.08115877517446757,0,0,0.017404070172733786,0,0,0,0.6205205439332921,0.07275333125860468,0,0,0,0,0.003788641126037286,0,0,0,0,0
2018,2018-09-27T00:00:00Z,autumn,Embouchure,Solea solea,G1,2017,WB,092018-G1-12,F,21.5,NA,19,101.442,NA,23.185168639714078,7.56,NA,NA,666.155933321379,112.38422738151704,87.4180182919427,3.5939169075972544,1.2363587437127197,11.112094883419264,23.25982532263216,28.78788273663428,72.91100608509507,9.695022756261396,58.814016570659916,59.3187146870446,14.832082295591908,13.541678127047504,96.73994248355707,62.593082847546576,188.31423724187408,5.807315046530924,19.786378658200853,50.05526877976178,47.16768056727872,7.080139370571892,1.1393073941344254,0,0,0,0.33155671761866445,0.967702664332024,0.26702611547744287,0.782884151246983,0.3903861625100562,0,0.5055179593961477,0,0,0.21631134352373288,0,0,0,5.63128933793952,0,0,0,0,0,0,0,0,0,0,0,NA,Solea s.,Fish,Omnivore,Mobile,0.666155933321379,0.11238422738151703,0.0874180182919427,0.666155933321379,0.11238422738151703,0.0874180182919427,47.53858343382611,16.353951636411637,146.98538205581036,307.669647124764,380.79209969092966,964.4312974218924,128.24104174948937,777.9631821515862,784.6390831619656,196.19156475650672,179.1227265482474,1279.62886883012,827.9508313167537,2490.9290640459535,76.8163365943244,261.7245854259372,662.1067298910289,623.9111186147979,93.65263717687688,8.81158641959496,1.4865638542528707,1.1563229932796655,23.519498771498753,NA,84.52712429310222,29.078537953883053,261.350901959357,547.0594331009227,677.0765726583202,1714.8303180471316,228.02207580554236,1383.2761904805432,1395.1464372088305,348.8431413299423,318.49348207312534,2275.2749583968807,1472.1579351371913,4429.056471465982,136.5851391025903,465.3657085439641,1177.274832572647,1109.3602051565576,166.5213292282056,26.795938856704066,0,0,0,7.798047812714338,22.759881624933108,6.280320394929801,18.41304283347926,9.181686869565379,0,11.889529024988253,0,0,5.08753437826768,0,0,0,132.44510266562256,0,0,0,0,0,0,0,0,0,0,0,15.667653655378778,2.6432206978354262,2.056027973824202,15.667653655378778,2.6432206978354262,2.056027973824202,774.646644111018,0.8659581789948387,0.8659581789948387,10.231981846178996,3.878863205319596,0.7218293029198806,5.63128933793952,0.004639427453689704,0.0015960293033110097,0.014344727325542692,0.03002636815050695,0.03716259917406751,0.09412163163601839,0.01251541309830029,0.07592367051193347,0.07657519094414791,0.01914690060087094,0.01748110345535401,0.1248826716271075,0.08080210935319831,0.24309695094333353,0.007496727818649986,0.025542457078488526,0.06461690521773969,0.06088928536107996,0.009139830946659606,0.7692703290759604,0.1297802019861595,0.10094946893788012,0.7692703290759604,0.1297802019861595,0.10094946893788012,0.1113476754808635,0,0,0,0.032403958744559355,0.09457626869162207,0.026097203796072055,0.0765134421675446,0.038153523762929756,0,0.04940567399314992,0,0,0.021140708298315797,0,0,0,0.550361545064943,0,0,0,0,0,0,0,0,0,0,0
2018,2018-09-27T00:00:00Z,autumn,Embouchure,Solea solea,G1,2017,WB,092018-G1-16,M,20.5,NA,17.8,81.8,NA,22.457352623623407,7.6,NA,NA,107.49863194921355,2.3034424926035664,12.890511991668266,3.1046914405755923,1.0309591916111125,9.290843684467267,20.672210918776265,24.704904408593222,63.75730526005465,8.404474262227126,48.04933963222081,56.017436130993715,12.197694366097949,9.444587062891308,87.36813973691463,49.81980805102644,161.68253304778597,4.9111744056362046,16.632325034472398,41.22822926306684,39.771097110814736,5.585583977517146,0,0,0,0,0.4072622606333824,0.983580528954669,0.34255488611097196,0.8872385349115659,0.4171488151201755,1.014169137677491,0.7104479442749835,0,0,0.16041731957603078,0,0,0,5.0864528101928075,0,0,0,0,0,0,0,0,0,0,0,NA,Solea s.,Fish,Omnivore,Mobile,0.10749863194921355,0.002303442492603566,0.012890511991668265,0.10749863194921355,0,0,40.85120316546832,13.565252521198849,122.24794321667457,272.00277524705615,325.0645316920161,838.9119113165086,110.58518766088324,632.228153055537,737.071528039391,160.4959785012888,124.2708824064646,1149.5807860120347,655.5237901450848,2127.401750628763,64.62071586363427,218.84638203253155,542.4767008298268,523.3039093528255,73.49452601996245,1.4144556835422837,0,0,18.370114446123946,NA,57.03353708327505,18.93883833917956,170.6738617847116,379.750880432333,453.8319213664095,1171.2289944036643,154.39115405661542,882.6718681045753,1029.0467127047932,224.07304148406058,173.49814524169494,1604.962725912071,915.1955755812829,2970.126636027045,90.21883589641182,305.5377143883903,757.3672899735741,730.5996055735761,102.60781691542617,0,0,0,0,7.481454337422393,18.068486883876396,6.292772461937509,16.2986734273368,7.6630714748226225,18.630403126862344,13.051010044344935,0,0,2.9468845197521247,0,0,0,93.43872024805063,0,0,0,0,0,0,0,0,0,0,0,1.974762171708809,0.04231450220919252,0.23680018055607915,1.974762171708809,0,0,663.6733369857434,0.12269258643348538,0.10749863194921355,10.009272237452077,4.051954163408256,0.8708652638510143,5.0864528101928075,0.004678041541756687,0.0015534136059970403,0.01399912150556509,0.03114817149753951,0.037224494388756676,0.09606729953869496,0.012663570756659259,0.07239908092503794,0.08440513278025066,0.018379063443315597,0.014230776703771951,0.13164328724387403,0.07506676142407186,0.24361764144708908,0.007399987511840789,0.025061011355394684,0.062121268047796344,0.059925711783821556,0.008416164498766254,0.8761624078035976,0.018774096785809616,0.10506349541059291,1,0,0,0,0,0,0,0.04068849872116712,0.09826693745768729,0.03422375553231745,0.08864166283655985,0.04167623831424165,0.10132296470893613,0.07097898103087587,0,0,0.016026871461822287,0,0,0,0.5081740899363925,0,0,0,0,0,0,0,0,0,0,0
2018,2018-09-27T00:00:00Z,autumn,Embouchure,Solea solea,G1,2017,WB,092018-G1-17,F,20,NA,17.8,86.475,NA,24.256824946665134,11.72,NA,NA,283.3133621562347,2.4866729480368495,22.937787417801175,3.268034492690524,0.728739850301644,8.852873022798232,13.165457507337722,21.57743292901883,49.53188807951604,12.750318577875603,47.860360890984126,53.38424420478038,10.308195390231033,13.167958203389299,92.227035507192,64.99019180162955,157.42852421866186,3.773300181037617,11.743000347725843,23.51070579289846,32.2732004211695,2.8110480989357973,2.8476004970279067,0,0,0,0.3854568962622158,0,0.1801338668719533,0.3896211841354065,0.22669342109681967,0,0.8866287442538555,0,0,0,0,0,0,2.014675361362599,0,0,0,0,0,0,0,0,0,0,0,NA,Solea s.,Fish,Omnivore,Mobile,0.2833133621562347,0.0024866729480368496,0.022937787417801177,0.2833133621562347,0,0.022937787417801177,27.88425335060174,6.217916811447473,75.53645923889275,112.33325518206246,184.10778949674767,422.627031395188,108.79111414569627,408.36485401863587,455.4969642046107,87.95388558217604,112.35459217908956,786.920098184232,554.5238208330165,1343.246793674589,32.19539403615714,100.19624870073244,200.60329174828036,275.36860427619024,23.98505203870134,2.4173495064525143,0,0.19571490970820116,20.97608937262867,NA,68.55058359150964,15.286112229323324,185.69865573074904,276.15981330546117,452.6101615509998,1038.985311150969,267.45182201900633,1003.923207455545,1119.7926775297074,216.225627776005,276.2122681293328,1934.5625393714572,1363.2400715752606,3302.2347938116886,79.149081827201,246.32222479670685,493.1626659254167,676.9655363752087,58.964796154035206,59.731522523199196,0,0,0,8.085378305292297,0,3.7785040905432874,8.172728779893697,4.755141461113835,0,18.5980037798104,0,0,0,0,0,0,42.26001043677484,0,0,0,0,0,0,0,0,0,0,0,5.942806405049093,0.05216067399851897,0.48114507888615493,5.942806405049093,0,0.48114507888615493,623.3525095181741,0.3087378225220727,0.3062511495740359,6.930809971010756,4.029505865394302,0.8866287442538555,2.014675361362599,0.005242674799234515,0.0011690653990707922,0.014202033179654861,0.021120405077881342,0.03461513766215091,0.07946047753590044,0.020454427283417977,0.07677896560964874,0.08564053788127718,0.01653670312196039,0.021124416766313478,0.1479532593499619,0.10425913236775818,0.2525513602894575,0.006053236528965326,0.018838458445932463,0.03771654951878075,0.051773595082043315,0.004509564100589925,0.9176503216931889,0.00805431912333666,0.07429535918347444,0.9251013834569918,0,0.07489861654300825,0.41086114161814574,0,0,0,0.05561498553191505,0,0.025990305263799265,0.05621582264772237,0.03270807049176098,0,0.1279257039166165,0,0,0,0,0,0,0.29068397053004014,0,0,0,0,0,0,0,0,0,0,0
2018,2018-09-27T00:00:00Z,autumn,Embouchure,Solea solea,G1,2017,WB,092018-G1-18,F,23.5,NA,20.8,127.355,NA,24.93527410011515,8.2,NA,NA,156.3407761120454,2.345641314461328,13.126664802488785,3.183932640434707,1.1941218407202183,9.458655991475617,16.346891350153523,23.839651435350643,62.36846696564811,8.565695446427984,49.25183825453006,53.655490220999276,14.720286096422734,13.378193269543043,100.07006658367666,56.984865516463145,194.36581893777878,4.2873974110837185,21.20702270919781,57.47267292976659,53.00803379662318,8.445608932348716,1.7859428167063145,0,0,0,0.5614232754842229,1.0657713221295826,0,0.605508546879862,0.3162985435675068,0,0.733690572698912,0,0,0.2055542172302689,0,0,0,5.362186435797682,0,0,0,0,0,0.03054100126806321,0,0,0,0,0,NA,Solea s.,Fish,Omnivore,Mobile,0.15634077611204542,0.0023456413144613284,0.013126664802488785,0.15634077611204542,0,0,38.828446834569604,14.562461472197786,115.34946331067826,199.35233353845763,290.72745652866644,760.5910605566844,104.45970056619494,600.6321738357325,654.3352465975522,179.5156841027163,163.14869840906152,1220.3666656545936,694.9373843471116,2370.3148650948633,52.28533428150877,258.6222281609489,700.886255241056,646.4394365441852,102.99523088230143,1.9065948306347005,0,0,31.75631833020165,NA,101.10997847156403,37.92091329895761,300.37209064116877,519.1170854246951,757.0595598620437,1980.5928907277873,272.01495131632583,1564.0570539584598,1703.9008276210748,467.4620911896418,424.8421641505701,3177.856889755711,1809.6295293445346,6172.342818698439,136.15195699445698,673.456963989101,1825.120496845231,1683.3399953036533,268.20144574806034,56.714968606862705,0,0,0,17.82873625426148,33.844973372746914,0,19.228722166374727,10.044477236908902,0,23.299311382494608,0,0,6.52764515647984,0,0,0,170.28329940108057,0,0,0,0,0,0.9698697583917075,0,0,0,0,0,4.9648074542049,0.07448893227050658,0.4168545460816874,4.9648074542049,0,0,751.8047103286445,0.17181308222899552,0.15634077611204542,10.666916731762415,4.334944504767488,0.9392447899291809,5.362186435797682,0.004235052795882164,0.0015883404617114182,0.012581267264660861,0.021743534092793365,0.031709899004130154,0.08295833493565677,0.011393511278591974,0.06551147868307458,0.07136891999192752,0.019579933318039328,0.017794771814737487,0.13310646396446751,0.07579743081358553,0.25853232397654646,0.005702807327729461,0.028208153550843478,0.0764462793863621,0.070507717055206,0.011233780284053814,0.9099468683279406,0.013652285868051747,0.07640084580400772,1,0,0,0.16742821394568405,0,0,0,0.05263219818830095,0.09991371911211058,0,0.05676509549163963,0.029652293302869646,0,0.06878187869548409,0,0,0.01927025610110924,0,0,0,0.502693193416513,0,0,0,0,0,0.0028631517462888406,0,0,0,0,0
2018,2018-11-15T00:00:00Z,autumn,Embouchure,Solea solea,G2,2016,rest,112018-G2-05,F,24.5,NA,21.5,NA,NA,24.397569695907052,4,NA,NA,20.215070422115044,2.341300292348937,13.102371598827064,0.6153915082201543,0.24264967904332937,0.9337528700236716,2.744208301111549,3.467208837724688,15.308580723891657,3.194095038429587,9.95688730553499,16.648118033231377,5.384914478983886,2.3816143248771784,36.85382706708167,15.687881636807429,70.89946624429086,1.6899706482424814,8.151454111482574,19.214182135448933,24.272986911136503,3.737037193196986,0.8060480507950174,0,0,0,0.41079259598052137,0.6411538394582457,0.25818144566294904,0.36088541526540935,0,0,0.491260031683582,0,0,0.1407759154133821,0,0,0,5.82704641597283,0,0,0,0,0,0,0,0,0,0,0,142.166,Solea s.,Fish,Omnivore,Mobile,0.020215070422115042,0.002341300292348937,0.013102371598827064,0.020215070422115042,0,0,15.384787705503857,6.0662419760832345,23.34382175059179,68.60520752778872,86.6802209431172,382.71451809729143,79.85237596073968,248.92218263837472,416.2029508307844,134.62286197459713,59.54035812192946,921.3456766770416,392.1970409201857,1772.4866561072715,42.24926620606203,203.78635278706435,480.3545533862233,606.8246727784126,93.42592982992464,0.5053767605528761,0,0,34.685048933883216,NA,21.344884576112246,8.416315991408936,32.38726398892494,95.18299920882261,120.26030820047316,530.9788715164834,110.78734270740381,345.35512342164174,577.4407886396939,186.7760222083323,82.60640940000218,1278.2767952225975,544.1349422416336,2459.15145606943,58.61671463111681,282.7335847390766,666.4448475925909,841.9097387842764,129.61931791377904,27.957816084886364,0,0,0,14.2483612932613,22.238452295756353,8.955036076640098,12.517328288005489,0,0,17.039378238206062,0,0,4.882819514825363,0,0,0,202.1113900780264,0,0,0,0,0,0,0,0,0,0,0,0.7011607067929555,0.08120811520903795,0.4544564000552384,0.7011607067929555,0,0,241.3842270487595,0.035658742313291046,0.020215070422115042,8.936143710231937,2.477061347162143,0.6320359470969641,5.82704641597283,0.0025494271756863612,0.0010052424800495116,0.0038683259525281823,0.011368631391798521,0.01436385831881349,0.06341997118477559,0.013232409911292096,0.04124912148267129,0.06896936985807471,0.02230847700705869,0.009866486944882664,0.15267703079719958,0.06499132867384282,0.2937203773052214,0.007001164363159107,0.033769622030175084,0.0795999903157205,0.10055746892788223,0.01548169587916822,0.5669036289757281,0.06565852131796208,0.36743784970630977,1,0,0,0.09020088272216209,0,0,0,0.045969783980774774,0.07174838053735873,0.028891818891333382,0.04038491624213624,0,0,0.054974499920036696,0,0,0.015753542017480412,0,0,0,0.6520761756887177,0,0,0,0,0,0,0,0,0,0,0
2018,2018-11-15T00:00:00Z,autumn,Embouchure,Solea solea,G2,2016,rest,112018-G2-06,F,24.8,NA,21.8,NA,NA,22.48631141707696,4.1,NA,NA,25.738696438967743,1.6573499501344813,11.398398401381842,0.9218689657546857,0.1445713575115141,1.9159608793148175,4.3580963021352,7.2771189542798105,24.631479326398775,4.050315957840959,18.93934895362959,26.340911475935098,7.860704456885484,6.37846627300936,53.90106179093631,27.204616566340043,90.56355950425976,1.3029179082153817,6.6386879316365235,11.96919217594584,29.48003115903513,2.689082642010119,0.8559338259645638,0,0,0,0.7988103369763208,1.1034449972239269,0.4295060870368248,0.5014333912899487,0.3443657890379202,0,0,0,0,0,0,0,0,7.04041964363987,0,0,0,0,0,0,0,0,0,0,0,151.282,Solea s.,Fish,Omnivore,Mobile,0.025738696438967743,0.0016573499501344813,0.011398398401381842,0.025738696438967743,0,0,22.484608920845996,3.526130671012539,46.73075315401994,106.29503175939514,177.4907062019466,600.7677884487507,98.78819409368194,461.93534033242906,642.4612555106122,191.72449894842646,155.57234812217953,1314.6600436813735,663.527233325367,2208.8673049819454,31.778485566228824,161.91921784479328,291.93151648648393,719.025150220369,65.58738151244194,0.627773083877262,0,0,34.01774163798237,NA,31.359900301116912,4.917991088079068,65.17666218101297,148.25259403948158,247.551152455555,837.9072998867375,137.7826018060308,644.2738794961631,896.058321097325,267.4034133068669,216.98101772181673,1833.5923940169946,925.4396177141306,3080.767769031951,44.32232477717128,225.83317087360282,407.1648870566856,1002.8440834477269,91.47651855908326,29.116935750872297,0,0,0,27.173723661010115,37.536706827287716,14.610827100759474,17.057631553558792,11.71454644045191,0,0,0,0,0,0,0,0,239.499176460317,0,0,0,0,0,0,0,0,0,0,0,0.8755723255592615,0.05637930240739775,0.3877477719049987,0.8755723255592615,0,0,326.5679925810744,0.038794444790484064,0.025738696438967743,11.073914071169375,4.033494427529505,0,7.04041964363987,0.002822900549648388,4.4269910339000084e-4,0.0058669585594465674,0.013345142209713803,0.022283625828618765,0.07542527095726846,0.012402672796647148,0.05799511704726443,0.08065980767969981,0.024070651856470504,0.019531817011815174,0.1650531069040844,0.08330460175023482,0.27731915423945375,0.003989729360546309,0.020328654621559063,0.03665145527994249,0.0902722613016533,0.008234372942542806,0.6634634566359671,0.042721321547074045,0.2938152218169589,1,0,0,0.07729280004013789,0,0,0,0.07213441713946482,0.09964363007806924,0.03878539098971626,0.045280592577056064,0.031097025570612554,0,0,0,0,0,0,0,0,0.6357661436049432,0,0,0,0,0,0,0,0,0,0,0
2018,2018-11-15T00:00:00Z,autumn,Embouchure,Solea solea,G2,2016,rest,112018-G2-07,F,27.2,NA,24,NA,NA,30.06060665737792,12.99,NA,NA,175.29728213952365,4.6577952710620405,21.937179268502994,3.019892237914262,0.99573240591527,7.335224003521012,12.21720326737235,22.03375327019428,62.71381923806882,10.81186810849187,52.744048892241146,59.51348696558736,16.513419888302742,14.010130952812112,110.30838062596561,60.99054279498951,184.86046750631033,3.629630651874206,11.3834537912873,23.126401976720693,58.20699372349346,4.334222496130767,0,0,0,0,0.694884287454324,0.7964713047216452,0.2609934726256285,0.5570442549736094,0,0.3520604953308973,0,0,0,0.1570239545269996,0,0,0,7.697121516085118,0,0,0,0,0,0,0,0,0,0,0,221.67,Solea s.,Fish,Omnivore,Mobile,0.17529728213952364,0.00465779527106204,0.021937179268502995,0.17529728213952364,0,0,23.247823232596318,7.665376488955118,56.468237132571296,94.05083346706965,169.62088737639934,482.7853674986052,83.2322410199528,406.0357882389618,458.1484754856609,127.12409459817351,107.85320210017021,849.1792195994273,469.5191901076944,1423.098287192535,27.941729421664398,87.63243873200383,178.03234778075975,448.0907907890181,33.36583907721914,1.3494786923750857,0,0,66.63534677740964,NA,201.2315665038245,66.35097416566843,488.7851951646017,814.0975763714586,1468.2267899672793,4178.9570926645,720.4525807209718,3514.6179883791374,3965.7018418847624,1100.3774607380265,933.5699344375556,7350.437195465714,4064.1259692865688,12318.241357717056,241.8616971615531,758.5403909070477,1541.0358154325552,3878.643211635493,288.81241904012364,0,0,0,0,46.30385546469208,53.073141588382725,17.391390555049124,37.11883710053026,0,23.459673193000945,0,0,0,10.463345662266821,0,0,0,512.9003614121929,0,0,0,0,0,0,0,0,0,0,0,11.680995184504575,0.31037380310539775,1.4617915478748986,11.680995184504575,0,0,718.7486727971931,0.20189225667908867,0.17529728213952364,10.515599285718222,2.6614538151061042,0.1570239545269996,7.697121516085118,0.0042015969590059685,0.0013853693837654326,0.010205547893360449,0.016997879411486075,0.030655713330842518,0.08725417049328531,0.015042626884324862,0.07338316005088995,0.08280152606609416,0.02297523531283414,0.019492392101801214,0.1534728129607148,0.08485656405823933,0.2571976471092167,0.0050499302318689175,0.01583787799841869,0.032175923034011907,0.08098379298144115,0.006030233738398485,0.8682714484595702,0.02307069794393199,0.10865785359649792,1,0,0,0,0,0,0,0.06608128253784662,0.07574188432640011,0.024819647985264825,0.05297313446796703,0,0.03347983179703783,0,0,0,0.014932477955893768,0,0,0,0.7319717409295897,0,0,0,0,0,0,0,0,0,0,0
2018,2018-11-15T00:00:00Z,autumn,Embouchure,Solea solea,G2,2016,rest,112018-G2-09,F,25,NA,22.5,NA,NA,29.410822356710586,32.2,NA,NA,657.9307760736336,1.717729085850223,11.813654964404806,7.370316585052998,1.1358720638738073,22.618608969493664,38.45107802650635,64.8426546789463,199.869168915466,29.468892707322446,169.6942332400354,160.65569969376145,44.38135800992072,60.346387648666195,284.21550757117427,220.0783112219838,512.9160716916277,13.898997110364627,42.84640254550058,94.63667327830785,128.7461243668755,10.354695200548356,0,0,0,0,0.18953760920519924,0,0,0.16492648625612616,0,0.3413594715533774,0,0,0,0,0,0,0,1.6553608360028436,0,0,0,0,0,0,0,0,0,0,0,180.15,Solea s.,Fish,Omnivore,Mobile,0.6579307760736336,0.001717729085850223,0.011813654964404806,0.6579307760736336,0,0,22.889181941158377,3.527552993396917,70.24412723445236,119.41328579660357,201.37470397188292,620.7117047064161,91.51830033329952,527.00072434793606,498.9307443905635,137.83030437863576,187.41114176604407,882.6568558111002,683.473016217341,1592.9070549429432,43.16458729926903,133.0633619425484,293.90271204443434,399.8326843691786,32.15743851101974,2.0432632797317813,0,0,52.98359647561412,NA,390.50587983997434,60.1825870802128,1198.4152504793585,2037.2764022087656,3435.597049916883,10589.787393733408,1561.3679197879403,8991.01077822878,8512.1167640817,2351.4839638374037,3197.368651937914,15058.759765262948,11660.540434820208,27176.138168366368,736.4188543112862,2270.1565029025287,5014.191308772397,6821.432701253762,548.6289921338323,0,0,0,0,10.042384203080921,0,0,8.738398395935507,0,18.086452493913026,0,0,0,0,0,0,0,87.70697055630991,0,0,0,0,0,0,0,0,0,0,0,34.85953874837303,0.09101146473911374,0.6259299275361597,34.85953874837303,0,0,2106.527053525428,0.6714621601238886,0.6579307760736336,2.3511844030175464,0.6958235670147028,0,1.6553608360028436,0.003498799871911557,5.39215512078443e-4,0.010737393062025839,0.018253303683973886,0.030781781117136545,0.09488089345017917,0.013989325538451588,0.08055639872084226,0.07626567122643514,0.021068496573849002,0.02864733569297013,0.13492136599694682,0.10447447653409746,0.24348895535579518,0.006598062477813248,0.020339830183426305,0.04492544879493782,0.061117717026899505,0.0049155291802300905,0.9798478829428625,0.002558191939711528,0.017593925117426006,1,0,0,0,0,0,0,0.08061367239504641,0,0,0.07014612977376719,0,0.14518617557826236,0,0,0,0,0,0,0,0.704054022252924,0,0,0,0,0,0,0,0,0,0,0
2018,2018-11-15T00:00:00Z,autumn,Embouchure,Solea solea,G2,2016,rest,112018-G2-10,F,25.5,NA,22.7,NA,NA,22.543127955263508,2,NA,NA,12.092343014903657,4.179490387907588,19.684469701822717,0.20898368039894016,0.17952714389700689,0.2933936948182745,1.1012444427008148,1.4777792576857536,5.583204799620531,1.3861188058922456,3.876474218524555,7.713223457865464,2.6119693903471894,1.5545751233560103,17.593808060495277,6.973491501710037,30.44474941995488,0.5071140188610406,3.2865483385572687,7.010444630893657,11.72571189055488,1.4778367634544862,0,0,0,0,0.4787251729359024,0.7782520768898956,0.3794881691060772,0.3557877861235638,0.1064186681708874,0.40915595404209837,0,0,0,0,0,0,0,4.262614934047722,0,0,0,0,0,0,0,0,0,0,0,151.542,Solea s.,Fish,Omnivore,Mobile,0.012092343014903657,0.004179490387907588,0.019684469701822718,0,0,0,10.449184019947008,8.976357194850344,14.669684740913723,55.06222213504074,73.88896288428768,279.16023998102656,69.30594029461227,193.82371092622773,385.6611728932732,130.59846951735946,77.72875616780051,879.6904030247639,348.67457508550183,1522.2374709977441,25.355700943052028,164.32741692786342,350.5222315446828,586.285594527744,73.8918381727243,0,0,0,34.16230696596543,NA,7.139364640665806,6.133061398532596,10.023005464260674,37.62105069610876,50.48434862899724,190.73515621848807,47.353016138188345,132.4293021988868,263.5015074646853,89.23090009874626,53.107872565741594,601.0450716629165,238.2305573059695,1040.0628751863965,17.32418477907525,112.27607320027708,239.4929614484933,400.5773689996066,50.486313158720996,0,0,0,0,16.35435631017118,26.586886347612744,12.964191322954006,12.154531564294443,3.63550720896307,13.977711298938608,0,0,0,0,0,0,0,145.62075985464676,0,0,0,0,0,0,0,0,0,0,0,0.4131023340128866,0.14278103359300096,0.6724668964159136,0,0,0,105.00619863958832,0.03595630310463396,0,6.770442761316147,2.5078278272684247,0,4.262614934047722,0.001990203274725073,0.001709681392364236,0.0027940607185037393,0.01048742318994524,0.014073257358433858,0.05317024015680928,0.013200352206347424,0.036916622720814196,0.07345493463999664,0.02487443050207183,0.01480460338052768,0.1675501854979278,0.06641028426945612,0.2899328783860663,0.004829372222125693,0.031298612664169036,0.06676219805799782,0.111666854361626,0.014073805000091946,0.3363066269553508,0.11623804526692137,0.5474553277777278,NA,NA,NA,0,0,0,0,0.07070810430171041,0.11494847594555345,0.05605071669379363,0.0525501505095658,0.01571812537562906,0.06043267308600067,0,0,0,0,0,0,0,0.6295917540877469,0,0,0,0,0,0,0,0,0,0,0
2018,2018-11-15T00:00:00Z,autumn,Embouchure,Solea solea,G2,2016,rest,112018-G2-11,F,28.5,NA,24.5,NA,NA,28.385074041933773,14.65,NA,NA,134.35770779947632,4.382745978806326,20.64175830627751,2.161229019773858,0.628185127464783,4.900104919183956,11.712603538021684,16.780063402080497,62.77313497730648,10.092539163872186,45.54383614583665,56.63336832750108,15.457953196485255,10.075465021423755,108.01199392366087,66.63582973543532,192.6130259189267,4.195225219818441,11.207083850458996,30.127988287643255,61.13731505080253,3.6851153256825926,4.047190779297533,0,0,0,0.2940371395688824,1.1270168498517015,0.5896450900494572,0.6216989641979532,0,0.5344178668076768,0,0,0,0,0,0,0,7.778103792451691,0,0,0,0,0,0,0,0,0.7337147070716682,0,0,232.283,Solea s.,Fish,Omnivore,Mobile,0.1343577077994763,0.0043827459788063254,0.02064175830627751,0.1343577077994763,0,0,14.7524165172277,4.287953088496813,33.447815148013355,79.94951220492618,114.53968192546415,428.48556298502723,68.89105231312072,310.8794276166324,386.57589302048524,105.5150388838584,68.77450526569116,737.2832349737944,454.8520801053606,1314.7646820404552,28.636349623334073,76.49886587344025,205.6517971852782,417.3195566607681,25.154370823771966,0.9171174593820909,0,0,65.93370153682503,NA,142.49782914249448,41.41857070413539,323.0820552406031,772.2553058950825,1106.3716921217763,4138.865146124557,665.4384649794663,3002.873699281657,3734.0476043305357,1019.2000724272691,664.3127035672742,7121.630569760014,4393.546909434883,12699.689763043256,276.6067275232703,738.9245216943352,1986.4497876624305,4031.0094833224543,242.9732940123358,266.8462689047938,0,0,0,19.386957001076457,74.30839260509482,38.877483379975224,40.99091395118111,0,35.23614812604407,0,0,0,0,0,0,0,512.8391739739566,0,0,0,0,0,0,0,0,48.376526509242375,0,0,8.858701005222619,0.2889706652783363,1.3609875313613802,8.858701005222619,0,0,714.3720601513788,0.15938221208456016,0.1343577077994763,15.725825189296563,7.214006689773204,0,7.778103792451691,0.003025354910039292,8.793528785709616e-4,0.006859317703642554,0.016395662976432374,0.02348924928352422,0.08787176665896558,0.014127846995770703,0.06375366379276605,0.07927713230483874,0.021638518719796572,0.014103946085585592,0.1511985139799177,0.09327888568502367,0.2696256428031509,0.005872605402469763,0.01568802095659251,0.04217408542162048,0.08558189557112192,0.005158537870170481,0.8429906075603524,0.027498338249195974,0.12951105419045153,1,0,0,0.2573595172641347,0,0,0,0.018697724032250614,0.07166662711084826,0.0374953354085855,0.0395336306180676,0,0.033983454627959146,0,0,0,0,0,0,0,0.49460703644001375,0,0,0,0,0,0,0,0,0.04665667449814048,0,0
2018,2018-11-15T00:00:00Z,autumn,Embouchure,Solea solea,G2,2016,rest,112018-G2-12,F,28,NA,24.8,NA,NA,26.827040938414132,13.03,NA,NA,79.43625042233826,4.371941708063077,20.590872595256116,1.4601111302068135,0.4730607869105383,1.957693409338462,3.5951284689539906,6.533224848820076,17.181056089169903,5.045573608137073,15.289642733529273,22.098711615642,5.314544147687943,3.7769388931451267,34.85028652260575,21.904673198250414,63.82109331317273,2.0652386534499505,5.7549149837423155,11.525585901067586,19.761841778345104,2.476903552667642,2.0444350996007152,0,0,0,0.7879519534093666,0,0,0.25856588206745934,0,0.22456017956806604,0.28161336483149435,0,0,0,0,0,0,3.2243011048146513,0,0,0,0,0,0,0,0,0,0,0,230.537,Solea s.,Fish,Omnivore,Mobile,0.07943625042233826,0.004371941708063077,0.020590872595256115,0.07943625042233826,0,0,11.205764621694655,3.630550935614262,15.024508129995871,27.59116246319256,50.13986837160458,131.8576829560238,38.72274449836587,117.3418475328417,169.59870771789716,40.78698501679158,28.986484214467588,267.4619073108653,168.10954104566704,489.80117661682834,15.849874546814663,44.16665375090035,88.45422794372668,151.6641732797015,19.009236781793106,0.6096412158276152,0,0,61.846255368191784,NA,90.30240582470971,29.25703823194691,121.07600652657253,222.34523337238485,404.0554923779426,1062.5839823860283,312.04983384785425,945.6071489862693,1366.722561889021,328.6846545234377,233.58952729550913,2155.359719931728,1354.7220123757813,3947.0956349236776,127.72727715752617,355.9199417067605,712.8143289054567,1222.1959131693325,153.18720964066446,126.44065525360044,0,0,0,48.731877728421246,0,0,15.991331571845851,0,13.888206211093616,17.41673207646436,0,0,0,0,0,0,199.41094951230983,0,0,0,0,0,0,0,0,0,0,0,4.912834629111565,0.27038822333171764,1.2734683647801115,4.912834629111565,0,0,244.8862236348427,0.10439906472565745,0.07943625042233826,6.821427584291753,3.3155131146456074,0.28161336483149435,3.2243011048146513,0.005962406167788473,0.00193175745000639,0.007994297842812253,0.014680811421694329,0.026678613242703136,0.07015934107746746,0.02060374623466235,0.06243569975715794,0.09024073011389183,0.021702095237552527,0.015423239564415167,0.14231215625494748,0.0894483686061211,0.26061528642108633,0.008433461967748298,0.023500362324683662,0.04706506446133833,0.08069805432506726,0.010114507528855638,0.7608904412226574,0.04187721144391262,0.19723234733343004,1,0,0,0.2997078066633148,0,0,0,0.11551129784384821,0,0,0.03790495154751473,0,0.03291982166389609,0.04128364060918685,0,0,0,0,0,0,0.47267248167223935,0,0,0,0,0,0,0,0,0,0,0
2018,2018-11-15T00:00:00Z,autumn,Embouchure,Solea solea,G2,2016,rest,112018-G2-13,F,27.5,NA,24.5,NA,NA,34.651547591646,25.23,NA,NA,576.0195983852509,1.8438337506285698,12.680937827206153,8.620386283918817,1.8853800302058896,24.296437010961682,40.81563245684447,71.58201109572163,224.43237856828227,32.993347905978865,186.67467030160336,169.68578708985277,50.47518270275842,50.600561093371375,287.6162035799249,210.59189178444947,504.74261627799626,15.223970997743777,43.14968236701247,96.52488815724037,127.273240331179,9.640301319357867,0,0,0,0,0,0,0.21012066365007542,0.2757466063348416,0,0.38690799396681747,0,0,0,0,0,0,0,2.9032053943749445,0,0,0,0,0,0,0,0,0,0,0,249.089,Solea s.,Fish,Omnivore,Mobile,0.5760195983852509,0.0018438337506285697,0.012680937827206152,0.5760195983852509,0,0,34.167206832813385,7.47277063101819,96.2997899760669,161.7742071218568,283.7178402525629,889.545693889347,130.77030481957536,739.8916777709209,672.5556365035781,200.06017718096874,200.5571188797914,1139.9770256834122,834.6884335491457,2000.5652646769568,60.34074909926189,171.0252967380597,382.57981830059595,504.4520028980538,38.20967625587739,2.2830741117132414,0,0,86.3131933805551,NA,744.0530683389696,162.73317114299778,2097.103066185612,3522.927577197278,6178.471966274062,19371.475292222098,2847.761218080687,16112.486916993657,14646.122155018164,4356.674205542037,4367.4960148167565,24825.072998975164,18176.85867996812,43565.947046210014,1314.029552748221,3724.3868784534757,8331.371337552342,10985.359804874917,832.0851920245561,0,0,0,0,0,0,18.136185474879536,23.800570156610984,0,33.39526450374056,0,0,0,0,0,0,0,250.58492862815532,0,0,0,0,0,0,0,0,0,0,0,49.718090986415845,0.15914717907959797,1.094532238926441,49.718090986415845,0,0,2156.8245693544036,0.5905443699630856,0.5760195983852509,3.775980658326679,0.8727752639517345,0,2.9032053943749445,0.003996795291746484,8.74146213370629e-4,0.011264911090211787,0.018923946359282108,0.0331886107534226,0.10405685365289631,0.015297186602364546,0.08655069723982242,0.07867389378851723,0.023402544379335876,0.02346067538933753,0.13335169103067862,0.09763978710956792,0.23402117327932678,0.007058511486773691,0.02000611592621478,0.04475324026289857,0.05900954678445422,0.004469673359777922,0.9754044364545501,0.0031222611617545797,0.02147330238369528,1,0,0,0,0,0,0,0,0,0.05564664723234841,0.07302648802683177,0,0.10246556563090957,0,0,0,0,0,0,0,0.7688612991099102,0,0,0,0,0,0,0,0,0,0,0
2018,2018-11-15T00:00:00Z,autumn,Embouchure,Solea solea,G2,2016,rest,112018-G2-14,F,26,NA,22.5,NA,NA,24.44849232148863,9,NA,NA,41.2880253712119,4.267823202778027,20.100497603938404,1.747903654507333,0.2620401121543687,2.0342064922191962,3.939556730630736,7.74928785580708,24.399224640411003,6.084504368936347,23.961231072931113,35.12924455369463,10.2474769443929,8.114399644923907,69.34771090248492,34.85537204426067,113.87722602843931,2.0033670375456873,7.907761724140917,13.590664694948883,39.550824241758576,2.8109302327942562,1.572509364362725,0,0,0,0.9986683377722074,0.8136758485314853,0.3462478458405138,0.4491775027416575,0,0,0.3599037885559989,0,0,0,0,0,0,5.864209895770935,0,0,0,0,0,0,0,0,0,0,0,193.094,Solea s.,Fish,Omnivore,Mobile,0.0412880253712119,0.0042678232027780275,0.020100497603938405,0.0412880253712119,0,0,19.421151716748145,2.9115568017152076,22.60229435799107,43.772852562563735,86.10319839785645,271.1024960045667,67.60560409929275,266.2359008103457,390.3249394854959,113.8608549376989,90.15999605471008,770.5301211387214,387.28191160289634,1265.3025114271036,22.25963375050764,87.8640191571213,151.00738549943205,439.4536026862064,31.232558142158403,0.45875583745791004,0,0,47.20857176325525,NA,82.51603510906554,12.370539439490967,96.03198316920965,185.98084663339634,365.83281185499095,1151.8525474046287,287.2407611447716,1131.17549664241,1658.4014625020368,483.7687507216759,383.0692179531232,3273.806386757438,1645.4723324864406,5375.981197164016,94.57609656011566,373.3141368408295,641.5958695618339,1867.1379245129551,132.70000161637142,74.2359211759086,0,0,0,47.14570589141009,38.41247468742623,16.34586627823444,21.20502837261932,0,0,16.990543829913317,0,0,0,0,0,0,276.8409736992938,0,0,0,0,0,0,0,0,0,0,0,1.9491487086999606,0.20147783794123236,0.9489157836126664,1.9491487086999606,0,0,407.6129329769818,0.06565634617792833,0.0412880253712119,10.404392583575524,4.180278899248589,0.3599037885559989,5.864209895770935,0.004288145721338136,6.428650588698721e-4,0.004990534714790488,0.00966494537319601,0.01901138857202229,0.0598588088513591,0.014927162208761278,0.05878427580285884,0.08618285071852322,0.025140215423369756,0.019907120183014732,0.1701312821357438,0.08551095714676202,0.27937589025142645,0.00491487603917322,0.01940017375402432,0.03334208410829878,0.09703034678733326,0.006896077149134499,0.628850488562394,0.06500244761126747,0.30614706382633855,1,0,0,0.15113898785836896,0,0,0,0.09598526100877,0.07820503138414461,0.03327900625233078,0.04317191024209655,0,0,0.034591523307583236,0,0,0,0,0,0,0.5636282799467058,0,0,0,0,0,0,0,0,0,0,0
2018,2018-11-15T00:00:00Z,autumn,Embouchure,Solea solea,G2,2016,rest,112018-G2-15,F,27.5,NA,24,NA,NA,30.179125430667263,2.7790922953972372,NA,NA,141.30673501658222,4.92123167177367,23.17790609567041,2.21,0.85782073406326,4.12376733581177,8.06940835195885,14.260170634986988,44.580747374684194,8.214601945787356,34.86036420216017,50.053464650695766,12.943627316461775,9.60840301148474,88.84032913589958,47.88100096856165,158.55102385691362,3.1918619508088697,10.477243118956363,18.675075130176552,52.69417091980338,3.7809826090320255,0,0,0,0,1.0832907451464149,0.916584859338043,0.3866743031691484,0.4969248391928804,0,0,0.4603850386749113,0,0,0,0,0,0,5.915336412122342,0,0,0,0,0,0,0,0,0,0,0,207.349,Solea s.,Fish,Omnivore,Mobile,0.14130673501658222,0.00492123167177367,0.023177906095670407,0.14130673501658222,0,0,79.52236792064178,30.866939377436005,148.38540420703546,290.3612940571816,513.123319387587,1604.1477805008244,295.5857910653946,1254.379505851471,1801.0724125137858,465.750178139069,345.7388956602226,3196.739067753809,1722.9007128645092,5705.137037712189,114.85267891589157,377.00234484147524,671.9847038224104,1896.0928720170984,136.05099101221396,5.084636276766194,0,0,62.57611478923426,NA,138.2932136842077,53.67908872332775,258.0493381698521,504.9522233133827,892.3460745690134,2789.689965108092,514.0378743074567,2181.4261519088877,3132.1513495808176,809.9619087439803,601.2565297878932,5559.282633921405,2996.2070128321507,9921.507068820847,199.73431982520503,655.6251680865281,1168.613645043502,3297.3964882011464,236.59920175888647,0,0,0,0,67.78812601839718,57.35631937201152,24.1965755811598,31.09562577895546,0,0,28.809107027367304,0,0,0,0,0,0,370.1587703419048,0,0,0,0,0,0,0,0,0,0,0,8.842426470889558,0.30795155799732443,1.450383312416764,8.842426470889558,0,0,573.8740632482469,0.1694058727840263,0.14130673501658222,9.25919619764374,2.8834747468464865,0.4603850386749113,5.915336412122342,0.003851019137353828,0.001494789168912454,0.007185840239007121,0.014061287778514186,0.024848954758943883,0.07768385126581234,0.014314293800439413,0.06074566953739508,0.08722029423560758,0.022554821946819036,0.01674305152788954,0.15480805776975665,0.08343468373103534,0.2762819127239899,0.005561955410116054,0.018257042424348262,0.03254211389947079,0.09182183739328344,0.00658852325130513,0.834131265311756,0.029049947270999837,0.13681878741724418,1,0,0,0,0,0,0,0.1169961972964876,0.09899183900772007,0.04176110916275307,0.053668248148725554,0,0,0.049721922815726606,0,0,0,0,0,0,0.638860683568587,0,0,0,0,0,0,0,0,0,0,0
2018,2018-11-15T00:00:00Z,autumn,Embouchure,Solea solea,G2,2016,rest,112018-G2-17,F,28.5,NA,25,NA,NA,29.668702732888608,12.52,NA,NA,94.72575401185058,4.648618358856409,21.893958054071998,1.7313613016481368,0.6492724848654334,3.4639237750710654,6.577381836853129,9.018762639939531,34.01068466707782,5.802083334642776,27.85153415709951,33.57135757553152,8.865366633517258,12.337371651819133,69.9409410967435,44.79382675040503,134.6076709817967,2.6407102958129185,8.91660013617042,20.55658849225705,47.57900137707155,3.7233049309340345,0,0,0,0,0.5534874608150471,1.2059128498276572,0.4784181335905474,0.4356372076199663,0.21219857728478422,0.4448336146612009,0,0,0,0,0,0,0,4.9301350019149215,0,0,0,0,0,0,0,0,0,0,0,250.349,Solea s.,Fish,Omnivore,Mobile,0.09472575401185059,0.004648618358856409,0.021893958054072,0.09472575401185059,0,0,13.828764390160837,5.185882466976305,27.66712280408199,52.53499869690997,72.03484536692916,271.6508359990241,46.34251864730652,222.45634310782356,268.1418336703796,70.80963764790143,98.54130712315602,558.6337148302197,357.7781689329475,1075.1411420271302,21.091935270071232,71.21885092787875,164.19000393176555,380.02397266031585,29.738857275830945,0.7565954793278801,0,0,74.2753006047593,NA,128.5973811353627,48.224908987779095,257.283979665376,488.53701312455,669.8713061644812,2526.153827420883,430.9514838144564,2068.6810718222873,2493.522675632467,658.4777716758973,916.3619881115018,5194.884424540387,3327.074947123842,9998.025225879484,196.13955103158736,662.2831554864956,1526.846789670728,3533.944629756246,276.54959298830795,0,0,0,0,41.11044753300255,89.56953942409119,35.5346506872058,32.35708455059093,15.761113115729595,33.04015044806236,0,0,0,0,0,0,0,366.1872592892763,0,0,0,0,0,0,0,0,0,0,0,7.035783854242686,0.3452775260008626,1.6261803158941885,7.035783854242686,0,0,476.6377441192565,0.121268330424779,0.09472575401185059,8.260622845714124,3.330487843799203,0,4.9301350019149215,0.0036324469117471818,0.0013621927614338974,0.007267413917191541,0.013799540464440105,0.018921629164313523,0.07135541632340434,0.01217294141353412,0.05843333747847496,0.07043369516941118,0.018599799833097376,0.025884168436170422,0.1467381506388718,0.09397876543154637,0.28241085109725883,0.00554028783577031,0.018707289227895166,0.043128327007006216,0.09982214368060434,0.007811603207828312,0.7811252425101013,0.03833332530078725,0.18054143218911145,1,0,0,0,0,0,0,0.06700311479566146,0.1459832838698505,0.057915503773273716,0.05273660542993908,0.025687963395505903,0.05384988795269776,0,0,0,0,0,0,0,0.5968236407830716,0,0,0,0,0,0,0,0,0,0,0
2018,2018-11-15T00:00:00Z,autumn,Embouchure,Solea solea,G2,2016,liver,112018-G2-05,F,24.5,NA,21.5,NA,NA,20.263591433278563,5.4,NA,NA,NA,NA,NA,NA,1.1410436050905206,0.6846037198524582,3.0116406796873103,4.153735979054607,18.872959537734488,4.040155834190111,12.708887877228388,19.815641693369805,6.858300358741058,3.6533083757153078,44.679177852092074,19.278455614226537,77.45749432960747,1.9031805418183998,8.866645164484,20.546934643536595,28.97209507402271,4.410108522083279,0,0,0,0,2.264350037808483,3.4982652578457656,1.4274352100089367,1.3710387021378978,0.3946105726266584,0,3.952858280866481,0,0,0.5608441603079674,0,0,0,49.30032026009001,2.7369115928491428,0.41092321440846913,0,0,0,0,0,0,0,0,0,1.2140000000000022,Solea s.,Fish,Omnivore,Mobile,NA,NA,NA,NA,NA,NA,NA,21.130437131305936,12.677846663934409,55.77112369791315,76.92103664915939,349.4992506987868,74.8177006331502,235.3497755042294,366.95632765499636,127.00556219890846,67.65385880954273,827.3921824461494,357.0084373004914,1434.3980431408788,35.244084107748144,164.1971326756296,380.49878969512207,536.5202791485686,81.66867633487553,NA,NA,NA,0.24600000000000222,NA,NA,0.2806967268522706,0.16841251508370622,0.740863607203085,1.0218190508474425,4.642748046282726,0.9938783352107763,3.1263864177982117,4.874647856569016,1.6871418882503155,0.8987138604259738,10.99107775161475,4.742500081099771,19.05454360508361,0.46818241328733057,2.1811947104630836,5.054545922310048,7.127135388209651,1.0848866964324964,0,0,0,0,0.5570301093008918,0.8605732534300661,0.3511490616622016,0.3372755207259259,0.09707420086615884,0,0.9724031370931632,0,0,0.13796766343576122,0,0,0,12.127878783982252,0.6732802518408952,0.10108711074448432,0,0,0,0,0,0,0,0,0,NA,NA,NA,NA,NA,NA,NA,NA,NA,65.91755728894981,8.955699780427741,4.513702441174448,52.44815506734762,NA,NA,NA,NA,NA,NA,NA,NA,NA,NA,NA,NA,NA,NA,NA,NA,NA,NA,NA,NA,NA,NA,NA,NA,NA,0,0,0,0,0.03435124314274417,0.05307031088107694,0.021654855985511874,0.02079929473308523,0.005986425906179772,0,0.059966698455452695,0,0,0.008508266740672827,0,0,0,0.7479087861824416,0.041520221704391784,0.00623389626844311,0,0,0,0,0,0,0,0,0
2018,2018-11-15T00:00:00Z,autumn,Embouchure,Solea solea,G2,2016,liver,112018-G2-06,F,24.8,NA,21.8,NA,NA,21.39784946236539,9.2,NA,NA,NA,NA,NA,NA,0.30906745112472284,1.098020762442948,3.9857317082014148,6.805129450863905,26.27524877961361,5.296810232918008,23.81666748256777,27.012749253309046,8.831532550066548,12.514741777384554,60.52500344031105,32.4216119003822,94.51047391303231,1.5290574954294402,7.780213507085598,12.614289604309146,34.34437741805589,2.8524389142801754,NA,NA,NA,NA,NA,NA,NA,NA,NA,NA,NA,NA,NA,NA,NA,NA,NA,NA,NA,NA,NA,NA,NA,NA,NA,NA,NA,NA,NA,0.9299999999999997,Solea s.,Fish,Omnivore,Mobile,NA,NA,NA,NA,NA,NA,NA,3.3594288165730744,11.935008287423349,43.32317074131973,73.9687983789555,285.6005302131914,57.574024270847914,258.87682046269316,293.61683970988094,95.99491902246248,136.02980192809298,657.8804721772941,352.4088250041544,1027.2877599242643,16.620190167711307,84.56753812049564,137.11184352509943,373.3084501962597,31.00477080739321,NA,NA,NA,0.19899999999999807,NA,NA,0.06150442277381925,0.21850613172614455,0.7931606099320738,1.354220760721904,5.228774507143057,1.0540652363506735,4.73951682903094,5.375537101408448,1.757474977463226,2.4904336136995022,12.044475684621782,6.451900768175996,18.807584308693247,0.30428244159045564,1.548262487910019,2.5102436312574956,6.834531106193056,0.5676353439417494,NA,NA,NA,NA,NA,NA,NA,NA,NA,NA,NA,NA,NA,NA,NA,NA,NA,NA,NA,NA,NA,NA,NA,NA,NA,NA,NA,NA,NA,NA,NA,NA,NA,NA,NA,NA,NA,NA,NA,NA,NA,NA,NA,NA,NA,NA,NA,NA,NA,NA,NA,NA,NA,NA,NA,NA,NA,NA,NA,NA,NA,NA,NA,NA,NA,NA,NA,NA,NA,NA,NA,NA,NA,NA,NA,NA,NA,NA,NA,NA,NA,NA,NA,NA,NA,NA,NA,NA,NA,NA,NA,NA,NA,NA,NA,NA
2018,2018-11-15T00:00:00Z,autumn,Embouchure,Solea solea,G2,2016,liver,112018-G2-07,F,27.2,NA,24,NA,NA,26.60322714108389,19.7,NA,NA,NA,NA,NA,NA,2.166785964802981,9.533221749389298,17.476041374439728,31.75934056721656,85.49862051336191,15.588651799750698,75.30603278819717,84.9637351404933,23.88999083528367,20.16676607704488,162.65885743953558,90.43942407376196,259.7408928916742,5.624883191472917,25.870380411182254,33.78804498709046,85.85115686902792,12.233615011208386,0,0,0,2.414785350242978,3.556693611473273,4.952901296111666,1.5841121251629728,2.0208187744458934,0.8148109517601044,2.156182529335072,7.190423191962575,0,0,0,0,0,0,68.6138372574584,11.080827977605646,0.49151499348109523,0,0,0,0.45865971316818777,0,0,0,0,0,2.416999999999998,Solea s.,Fish,Omnivore,Mobile,NA,NA,NA,NA,NA,NA,NA,10.998913526918686,48.3919885755802,88.71086992101385,161.21492673713993,434.00314981401993,79.13021218147563,382.2641258284121,431.2879956370219,121.26898901159224,102.3693709494664,825.6794793885056,459.08337093280187,1318.481689805453,28.55270655570009,131.32172797554443,171.51291871619523,435.7926744620707,62.09956858481414,NA,NA,NA,0.6429999999999971,NA,NA,1.3932433753683107,6.1298615848572915,11.237094603764694,20.42125598472016,54.97561299009146,10.023503107239653,48.421779082810566,54.631681695336944,15.361264107087331,12.9672305875398,104.58964533362091,58.15254967942868,167.01339412934576,3.6167998921170694,16.634654604390114,21.725712926699067,55.20229386678471,7.866214452206957,0,0,0,1.5527069802062279,2.2869539921773043,3.1847155333997867,1.018584096479787,1.2993864719687036,0.5239234419817448,1.386425366362445,4.623442112431915,0,0,0,0,0,0,44.11869735654555,7.124972389600399,0.3160441408083428,0,0,0,0.29491819556714344,0,0,0,0,0,NA,NA,NA,NA,NA,NA,NA,NA,NA,105.33556777220787,17.500304638531958,7.190423191962575,80.18618022854514,NA,NA,NA,NA,NA,NA,NA,NA,NA,NA,NA,NA,NA,NA,NA,NA,NA,NA,NA,NA,NA,NA,NA,NA,NA,0,0,0,0.02292469107362712,0.033765362324383694,0.04702021739534837,0.01503872014615875,0.019184581401943835,0.007735382919491769,0.020469653080504566,0.06826206327108936,0,0,0,0,0,0,0.6513833713398537,0.10519550244954633,0.004666182599822454,0,0,0,0.004354271998230044,0,0,0,0,0
2018,2018-11-15T00:00:00Z,autumn,Embouchure,Solea solea,G2,2016,liver,112018-G2-09,F,25,NA,22.5,NA,NA,35.05957836846918,NA,NA,NA,NA,NA,NA,NA,NA,NA,NA,NA,NA,NA,NA,NA,NA,NA,NA,NA,NA,NA,NA,NA,NA,NA,1.1305438637192191,0,0,0,0.9296390812978491,2.1080380004717894,0.7001731680641634,0.7292745169522421,0.46110098432373314,0.8213634706525703,0.8378113272286676,0,0,0,0,0,0,9.841309858248804,1.9673524050524331,0,0,0,0,0,0,0,0,0,0,2.1819999999999986,Solea s.,Fish,Omnivore,Mobile,NA,NA,NA,NA,NA,NA,NA,NA,NA,NA,NA,NA,NA,NA,NA,NA,NA,NA,NA,NA,NA,NA,NA,NA,NA,NA,NA,NA,0.764999999999997,NA,NA,NA,NA,NA,NA,NA,NA,NA,NA,NA,NA,NA,NA,NA,NA,NA,NA,NA,NA,0.8648660557451993,0,0,0,0.7111738971928518,1.6126490703609127,0.535632473569083,0.557895005468463,0.3527422530076545,0.6283430550492138,0.6409256653299282,0,0,0,0,0,0,7.528602041560306,1.5050245898651056,0,0,0,0,0,0,0,0,0,0,NA,NA,NA,NA,NA,NA,NA,NA,NA,19.526606676011472,6.8801330854815665,0.8378113272286676,11.808662263301237,NA,NA,NA,NA,NA,NA,NA,NA,NA,NA,NA,NA,NA,NA,NA,NA,NA,NA,NA,NA,NA,NA,NA,NA,NA,0.057897610295397486,0,0,0,0.04760883940167213,0.10795721117594508,0.03585739087602607,0.037347734250629386,0.023613984343229377,0.042063809871359735,0.04290614038218544,0,0,0,0,0,0,0.5039948835728278,0.10075239583072745,0,0,0,0,0,0,0,0,0,0
2018,2018-11-15T00:00:00Z,autumn,Embouchure,Solea solea,G2,2016,liver,112018-G2-10,F,25.5,NA,22.7,NA,NA,25.220804710500587,7.1,NA,NA,NA,NA,NA,NA,0.6161104488894098,1.4144198859552146,3.5053489637676525,7.546908400933013,37.83942100861524,9.432046780176712,25.45356988577621,49.95188913808784,16.709985988586034,17.132473428138898,120.67205851486256,47.45137308012505,203.74317159485508,2.783932223411294,23.07595074629217,44.6389375432249,78.59603053542311,9.295367012057634,NA,NA,NA,NA,NA,NA,NA,NA,NA,NA,NA,NA,NA,NA,NA,NA,NA,NA,NA,NA,NA,NA,NA,NA,NA,NA,NA,NA,NA,1.019000000000002,Solea s.,Fish,Omnivore,Mobile,NA,NA,NA,0,NA,NA,NA,8.677611956188871,19.921406844439645,49.371112165741586,106.29448452018329,532.9495916706372,132.84572929826356,358.5009843067072,703.5477343392655,235.35191533219768,241.30244264984364,1699.6064579558108,668.3291983116205,2869.6221351388044,39.21031300579288,325.0133907928475,628.7174301862663,1106.9863455693396,130.92066214165683,0,NA,NA,0.25700000000000145,NA,NA,0.1583403853645792,0.3635059106904922,0.9008746836882918,1.9395554590397954,9.72473119921417,2.4240360225054287,6.541567460644523,12.837635508488647,4.294466399066635,4.403045671031721,31.01271903831985,12.195002881592208,52.36199509987805,0.7154705814167066,5.930519341797121,11.472206948608864,20.199179847603855,2.3889093220988253,NA,NA,NA,NA,NA,NA,NA,NA,NA,NA,NA,NA,NA,NA,NA,NA,NA,NA,NA,NA,NA,NA,NA,NA,NA,NA,NA,NA,NA,NA,NA,NA,0,NA,NA,NA,NA,NA,NA,NA,NA,NA,NA,NA,NA,NA,NA,NA,NA,NA,NA,NA,NA,NA,NA,NA,NA,NA,NA,NA,NA,NA,NA,NA,NA,NA,NA,NA,NA,NA,NA,NA,NA,NA,NA,NA,NA,NA,NA,NA,NA,NA,NA,NA,NA,NA,NA,NA,NA,NA,NA,NA,NA,NA,NA,NA
2018,2018-11-15T00:00:00Z,autumn,Embouchure,Solea solea,G2,2016,liver,112018-G2-11,F,28.5,NA,24.5,NA,NA,21.989313604603378,6.3,NA,NA,22.2243569118276,11.13919923150734,43.79629452245167,NA,0.8129721617246479,1.4080303623913368,4.315027733634428,5.689922624023609,21.0444368555617,4.02133096487218,17.28508712884654,18.12762099376723,6.376587774252198,3.5761202276084165,36.076235400923366,23.345051920781017,57.33061535733626,1.1714616757635716,4.736429309859881,9.216432434794582,20.80770809148006,1.5560177780601374,NA,NA,NA,NA,NA,NA,NA,NA,NA,NA,NA,NA,NA,NA,NA,NA,NA,NA,NA,NA,NA,NA,NA,NA,NA,NA,NA,NA,NA,2.433,Solea s.,Fish,Omnivore,Mobile,0.0222243569118276,0.01113919923150734,0.043796294522451665,0.0222243569118276,0,0,NA,12.904320027375364,22.349688291925982,68.49250370848297,90.31623212735887,334.0386802470111,63.830650236066354,274.3664623626435,287.740015774083,101.2156789563841,56.76381313664153,572.6386571575138,370.55637969493677,910.009767576766,18.594629774024945,75.18141761682351,146.29257833007273,330.2810808171438,24.698694889843452,0.35276757002900955,0,0,0.5350000000000001,NA,NA,0.4349401065226868,0.7532962438793654,2.3085398374944193,3.0441086038526315,11.258773717725512,2.151412066206617,9.247521613932902,9.698277231665472,3.411474459224927,1.9132243217705034,19.300785939494006,12.489602777617847,30.671879216174904,0.626731996533511,2.533989680775037,4.930791352615103,11.132123828941834,0.8324695112621737,NA,NA,NA,NA,NA,NA,NA,NA,NA,NA,NA,NA,NA,NA,NA,NA,NA,NA,NA,NA,NA,NA,NA,NA,NA,NA,NA,NA,NA,0.011890030947827769,0.005959471588856428,0.023431017569511648,0.011890030947827769,0,0,NA,0.07715985066578661,0.0222243569118276,NA,NA,NA,NA,NA,NA,NA,NA,NA,NA,NA,NA,NA,NA,NA,NA,NA,NA,NA,NA,NA,NA,NA,0.2880300664148652,0.1443652253781067,0.567604708207028,1,0,0,NA,NA,NA,NA,NA,NA,NA,NA,NA,NA,NA,NA,NA,NA,NA,NA,NA,NA,NA,NA,NA,NA,NA,NA,NA,NA,NA,NA,NA
2018,2018-11-15T00:00:00Z,autumn,Embouchure,Solea solea,G2,2016,liver,112018-G2-12,F,28,NA,24.8,NA,NA,27.81415653258495,27.9,NA,NA,171.30044240728353,7.880504236439226,30.98399421282431,NA,1.7564299707260644,3.0328354660632533,7.967522452298606,13.43770284389036,42.31878402033354,9.959577561381364,38.30217801356277,51.45117065397227,15.924612831446705,13.629199040512642,107.89734193825673,67.15452026462114,189.4720170518816,5.456144958867738,29.919106994963098,33.58791568892533,67.99281043269386,13.920828637843528,0,0,0,2.2323802779498982,2.611197663096397,1.5253937797124693,0.6716538087034678,0.6608081791626095,0,0,1.9046823987628156,0,0,0,0,0,0,15.506200240563604,2.1208431181625524,0,0,0,0,0,0,0,0,0,0,3.2070000000000007,Solea s.,Fish,Omnivore,Mobile,0.17130044240728354,0.007880504236439226,0.03098399421282431,0.17130044240728354,0,0,NA,6.295447923749336,10.870378014563633,28.557428144439452,48.16380947630954,151.6802294635611,35.697410614270126,137.28379216330742,184.4127980429114,57.07746534568712,48.850175772446754,386.72882415145784,240.69720524953817,679.1111722289664,19.556075121389746,107.23694263427635,120.38679458396176,243.70182950786332,49.89544314639258,0.6139800803128442,0,0,0.8919999999999995,NA,NA,1.5667355338876485,2.7052892357284204,7.107030027450352,11.986430936750194,37.748355346137494,8.883943184752171,34.165542788097966,45.894444223343235,14.204754645650452,12.15724554413727,96.24442900892494,59.90183207604202,169.0090392102783,4.866881303310019,26.687843439507066,29.960420794521376,60.649586905962884,12.417379144956419,0,0,0,1.991283207931308,2.329188315481985,1.3606512515035218,0.599115197363493,0.5894408958130473,0,0,1.6989766996964306,0,0,0,0,0,0,13.831530614582727,1.8917920614009955,0,0,0,0,0,0,0,0,0,0,0.15279999462729682,0.007029409778903786,0.02763772283783927,0.15279999462729682,0,0,NA,0.21016494085654708,0.17130044240728354,27.233159466113815,7.701433708624842,1.9046823987628156,17.627043358726155,NA,NA,NA,NA,NA,NA,NA,NA,NA,NA,NA,NA,NA,NA,NA,NA,NA,NA,NA,0.8150762049518459,0.03749675947054483,0.14742703557760925,1,0,0,0,0,0,0.08197287137130181,0.09588302328069966,0.05601236909769925,0.024663088010012418,0.024264837136684498,0,0,0.06993982468809061,0,0,0,0,0,0,0.5693867529347063,0.07787723348080544,0,0,0,0,0,0,0,0,0,0
2018,2018-11-15T00:00:00Z,autumn,Embouchure,Solea solea,G2,2016,liver,112018-G2-13,F,27.5,NA,24.5,NA,NA,29.43858649187796,39.5,NA,NA,523.6497457532678,5.8544086870138,23.01793888253852,4.20702167621934,4.072709444917643,32.23316808966061,61.85054727282254,103.87109108375417,327.7898146983498,45.64908576338892,264.70749452075665,254.42200824926496,58.10939413584039,48.985084030062225,393.3258764600855,275.84634316115734,736.5017687949594,19.20598152446084,22.55171744728242,129.56723012845285,164.47108885449737,18.606270603193707,0,0,0,0,0.3958218623481782,0.9464844010478685,0,0.7577975708502025,0.5084048582995951,0.8486477732793523,0.46558418671112173,0,0,0,0,0,0,14.80226149083115,2.7133017385091693,0,0,0,0,0,0,0,0,0,0,3.5090000000000003,Solea s.,Fish,Omnivore,Mobile,0.5236497457532677,0.0058544086870138,0.02301793888253852,0.5236497457532677,0,0,10.650687787897063,10.310656822576311,81.60295718901419,156.5836639818292,262.964787553808,829.847632147721,115.56730573009852,670.145555748751,644.1063499981391,147.11239021731743,124.01287096218284,995.7617125571785,698.3451725598919,1864.5614399872388,48.62273803660972,57.0929555627403,328.0183041226654,416.38250342910726,47.1044825397309,1.3256955588690322,0,0,1.0329999999999977,NA,4.345853391534569,4.207108856599915,33.29686263661934,63.89161533282554,107.29883708951782,338.6068785833946,47.15550559358065,273.442841839941,262.81793452149014,60.02700414232299,50.60159180305416,406.30563038326744,284.94927248547486,760.8063271651913,19.839778914768,23.29592412304269,133.8429487226915,169.8986347866954,19.220277533099058,0,0,0,0,0.40888398380566715,0.9777183862824459,0,0.7828048906882574,0.5251822186234806,0.8766531497975689,0.4809484648725877,0,0,0,0,0,0,15.290736120028544,2.802840695879966,0,0,0,0,0,0,0,0,0,0,0.5409301873631244,0.006047604173685242,0.023777530865662238,0.5409301873631244,0,0,2965.9736959391266,0.5525220933228201,0.5236497457532677,21.43830388187664,3.4571564658251965,0.46558418671112173,17.51556322934032,0.0014184285187624553,0.001373144155153435,0.010867651366494842,0.02085337012850297,0.035020907712691327,0.11051676390358565,0.015390927379392988,0.08924809241672704,0.08578026453761467,0.01959201263834574,0.016515683904119016,0.13261273253994432,0.09300363773921304,0.2483170264804922,0.006475438926095932,0.007603478573717354,0.04368455131812203,0.05545264581398127,0.006273241947043748,0.9477444469307705,0.010595791114534249,0.041659761954695104,1,0,0,0,0,0,0,0.01846330122611963,0.04414922030506344,0,0.03534783232039285,0.0237147892436298,0.039585583726927956,0.02171739841344044,0,0,0,0,0,0,0.6904586096171806,0.12656326514724522,0,0,0,0,0,0,0,0,0,0
2018,2018-11-15T00:00:00Z,autumn,Embouchure,Solea solea,G2,2016,liver,112018-G2-14,F,26,NA,22.5,NA,NA,15.138592750533117,NA,NA,NA,NA,NA,NA,NA,NA,NA,NA,NA,NA,NA,NA,NA,NA,NA,NA,NA,NA,NA,NA,NA,NA,NA,0,0,0,2.841159529176058,2.850752278025005,2.4656275631676703,1.2458677685950412,1.4429222292858657,0,0.854884509429964,3.219322513493637,0,0,0,0,0,0,40.249316779477205,9.571889233760892,0.5015257469802924,0,0,0,0.05336935791481246,0,0,0,0,0,1.407,Solea s.,Fish,Omnivore,Mobile,NA,NA,NA,NA,NA,NA,NA,NA,NA,NA,NA,NA,NA,NA,NA,NA,NA,NA,NA,NA,NA,NA,NA,NA,NA,NA,NA,NA,0.21300000000000097,NA,NA,NA,NA,NA,NA,NA,NA,NA,NA,NA,NA,NA,NA,NA,NA,NA,NA,NA,NA,0,0,0,0.6051669797145031,0.6072102352193288,0.5251786709547162,0.265369834710745,0.30734243483789075,0,0.18209040050858316,0.6857156953741478,0,0,0,0,0,0,8.573104474028684,2.038812406791079,0.10682498410680276,0,0,0,0.011367673235855106,0,0,0,0,0,NA,NA,NA,NA,NA,NA,NA,NA,NA,65.29663750930645,11.701213877679605,3.219322513493637,50.32273176021839,NA,NA,NA,NA,NA,NA,NA,NA,NA,NA,NA,NA,NA,NA,NA,NA,NA,NA,NA,NA,NA,NA,NA,NA,NA,0,0,0,0.04351157483065065,0.043658485134379234,0.03776040631213598,0.019080121367926074,0.022097956101954135,0,0.013092320554915571,0.04930303666915162,0,0,0,0,0,0,0.6164071890185868,0.14659084447337203,0.007680728535352408,0,0,0,8.17337001575402e-4,0,0,0,0,0
2018,2018-11-15T00:00:00Z,autumn,Embouchure,Solea solea,G2,2016,liver,112018-G2-15,F,27.5,NA,24,NA,NA,32.611207394569654,15.5,NA,NA,87.41750467377423,8.533133986868975,33.54995646647436,NA,1.2732685967007653,2.2488402318497878,7.99982757386352,13.399652183106747,43.3021070109154,8.462635655877696,34.38503866236177,51.355202315725606,13.72500039378911,8.417077920607865,92.85384894972557,49.29321444045005,152.3652134693242,3.5424184300241377,12.086996766237341,16.099797244177537,50.762840099317074,4.052480444731838,0,0,0,3.738936502094397,3.9102564102564106,3.249526304448905,1.3080778870252554,1.4661654135338347,0.5855986119144013,1.52014652014652,3.666987831569875,0,0,0,0,1.6584731058415267,0,34.172113314961614,3.3310373218113156,0.41642567958357435,0,0,0,0,0,0,0,0,0,3.4619999999999997,Solea s.,Fish,Omnivore,Mobile,0.08741750467377424,0.008533133986868975,0.033549956466474365,0.08741750467377424,0,0,NA,8.214636107746873,14.508646657095404,51.61179079911948,86.44936892326933,279.36843232848645,54.59764939275933,221.83895911201142,331.32388590790714,88.54838963734909,54.30372852005074,599.0570899982295,318.0207383254842,983.0013772214464,22.85431245176863,77.98062429830543,103.86965963985509,327.5021941891424,26.145035127302183,0.5639839011211241,0,0,1.1290000000000013,NA,NA,1.4375202456751657,2.5389406217584134,9.031805330891924,15.128207314727536,48.888078815323546,9.55431565548593,38.820708649806484,57.98002341445428,15.495525444587923,9.50288097236629,104.8319954642403,55.65203910326817,172.02032600686724,3.9993904074972564,13.646219349081974,18.17667108867646,57.31124647212904,4.5752504221022505,0,0,0,4.221259310864579,4.414679487179493,3.6687151977228183,1.4768199344515152,1.6553007518797014,0.6611408328513598,1.7162454212454232,4.140029261842393,0,0,0,0,1.872416136495086,0,38.58031593259171,3.7607411363249796,0.470144592249856,0,0,0,0,0,0,0,0,0,0.09869436277669123,0.009633908271175084,0.037877900850649605,0.09869436277669123,0,0,NA,0.1295005951271176,0.08741750467377424,59.02374490318763,15.778707649419724,3.666987831569875,39.57804942219803,NA,NA,NA,NA,NA,NA,NA,NA,NA,NA,NA,NA,NA,NA,NA,NA,NA,NA,NA,0.6750355439522525,0.06589262372495558,0.25907183232279185,1,0,0,0,0,0,0.06334631101816911,0.06624887012286532,0.055054559987321505,0.02216189245820984,0.024840264133336162,0.009921407272190477,0.02575483007118417,0.06212733261138495,0,0,0,0,0.028098405286919696,0,0.5789553572212617,0.05643554686804395,0.00705522294911323,0,0,0,0,0,0,0,0,0
2018,2018-11-15T00:00:00Z,autumn,Embouchure,Solea solea,G2,2016,liver,112018-G2-17,F,28.5,NA,25,NA,NA,25.34883720930234,5.8,NA,NA,23.265978861241067,17.390311036530445,68.37396191268826,NA,0.4393724178170326,0.943644064710614,2.5296365892518278,3.693661702951207,15.650289508287074,2.710895045694441,12.689852328923006,14.355825046437976,3.7657692607551576,4.994612462205222,28.63707432217424,19.330767447528807,52.28079193891856,0.9758043382869059,3.9627628816910105,6.73497291701165,19.452443466148704,1.4351312313194375,NA,NA,NA,NA,NA,NA,NA,NA,NA,NA,NA,NA,NA,NA,NA,NA,NA,NA,NA,NA,NA,NA,NA,NA,NA,NA,NA,NA,NA,1.7199999999999989,Solea s.,Fish,Omnivore,Mobile,0.023265978861241068,0.017390311036530444,0.06837396191268826,0.023265978861241068,0,0,NA,7.5753865140867696,16.26972525363128,43.61442395261772,63.68382246467599,269.8325777290875,46.739569753352434,218.79055739522425,247.5142249385858,64.92705621991651,86.11400796905555,493.7426607271421,333.28909392291047,901.3929644641132,16.824212729084586,68.32349796018984,116.12022270709741,335.3869563129087,24.74364191930065,0.4011375665731219,0,0,0.43599999999999994,NA,NA,0.1915663741682262,0.41142881221382765,1.1029215529137968,1.610436502486726,6.823526225613163,1.1819502399227761,5.53277561541043,6.2591397202469565,1.6418753976892484,2.1776510335214763,12.485764404467966,8.428214607122559,22.79442528536849,0.42545069149309095,1.7277646164172804,2.936448191817079,8.481265351240834,0.6257172168552747,NA,NA,NA,NA,NA,NA,NA,NA,NA,NA,NA,NA,NA,NA,NA,NA,NA,NA,NA,NA,NA,NA,NA,NA,NA,NA,NA,NA,NA,0.010143966783501105,0.007582175611927273,0.029811047393932075,0.010143966783501105,0,0,NA,0.10903025181045976,0.023265978861241068,NA,NA,NA,NA,NA,NA,NA,NA,NA,NA,NA,NA,NA,NA,NA,NA,NA,NA,NA,NA,NA,NA,NA,0.21339012315304087,0.15949987042827424,0.627110006418685,1,0,0,NA,NA,NA,NA,NA,NA,NA,NA,NA,NA,NA,NA,NA,NA,NA,NA,NA,NA,NA,NA,NA,NA,NA,NA,NA,NA,NA,NA,NA
2018,2018-11-15T00:00:00Z,autumn,Embouchure,Solea solea,G2,2016,gonads,112018-G2-05,F,24.5,NA,21.5,NA,NA,15.759162303664837,2.7,NA,NA,NA,NA,NA,NA,0.5210441351803453,0.23249414142127584,0.7867833673581075,1.0399231592423037,4.948274240139167,1.0884666412989548,3.235634501817653,3.986077437526687,1.6747810336386806,1.0201524858046165,10.974692111954202,5.01561429052947,19.902745308207024,0.5079379245271061,2.3911449921821974,5.355260674863035,7.471097959689223,1.0555723221586806,0,0,0,0,0.773397435897436,1.3507673453996984,0.5365117521367521,0,0,0,0.6026244343891404,0,0,0.14676282051282052,0,0,0,11.309191176470588,0,0,0,0,0,0,0,0,0,0,0,1.9100000000000001,Solea s.,Fish,Omnivore,Mobile,NA,NA,NA,NA,NA,NA,NA,19.29793093260538,8.61089412671392,29.14012471696694,38.515672564529766,183.2694163014506,40.31357930736869,119.83831488213528,147.6324976861736,62.02892717180298,37.78342540017098,406.4700782205259,185.7634922418322,737.1387151187786,18.81251572322615,88.56092563637768,198.34298795789016,276.70733184034157,39.09527119106224,NA,NA,NA,0.30099999999999844,NA,NA,0.15683428468928312,0.06998073656780367,0.23682179357478914,0.3130168709319318,1.4894305462818815,0.3276284590309837,0.9739259850471085,1.1998093086955266,0.5041090911252403,0.30706589822718794,3.3033823256981973,1.5096999014493626,5.990726337770283,0.15288931528265814,0.7197346426468377,1.6119334631337652,2.2488004858664445,0.3177272689697612,0,0,0,0,0.23279262820512703,0.4065809709653071,0.16149003739316153,0,0,0,0.18138995475113032,0,0,0.04417560897435875,0,0,0,3.404066544117629,0,0,0,0,0,0,0,0,0,0,0,NA,NA,NA,NA,NA,NA,NA,NA,NA,14.719254964806435,2.6606765334338864,0.7493872549019609,11.309191176470588,NA,NA,NA,NA,NA,NA,NA,NA,NA,NA,NA,NA,NA,NA,NA,NA,NA,NA,NA,NA,NA,NA,NA,NA,NA,0,0,0,0,0.05254324609136945,0.09176873072919568,0.036449654104066094,0,0,0,0.04094123213640964,0,0,0.00997080496694491,0,0,0,0.7683263319720143,0,0,0,0,0,0,0,0,0,0,0
2018,2018-11-15T00:00:00Z,autumn,Embouchure,Solea solea,G2,2016,gonads,112018-G2-06,F,24.8,NA,21.8,NA,NA,13.119026933101635,3.3,NA,NA,NA,NA,NA,NA,0.3694883470091337,0.32394799757779774,2.145717282594723,1.7482841077748503,6.512339709934388,1.4921311407783067,5.566052150154495,5.638899106919498,2.0642729063830174,1.6286825577435502,13.885104297172411,7.758264598272132,22.273475365487954,0.26152287934154383,1.589365712927375,2.831942935425954,8.111348162202525,0.7518770788243914,NA,NA,NA,NA,NA,NA,NA,NA,NA,NA,NA,NA,NA,NA,NA,NA,NA,NA,NA,NA,NA,NA,NA,NA,NA,NA,NA,NA,NA,1.1509999999999998,Solea s.,Fish,Omnivore,Mobile,NA,NA,NA,NA,NA,NA,NA,11.196616576034353,9.816605987205993,65.02173583620373,52.978306296207585,197.3436275737693,45.2160951751002,168.66824697437863,170.87573051271204,62.55372443584901,49.3540169013197,420.7607362779518,235.0989272203676,674.9537989541803,7.9249357376225404,48.16259736143561,85.81645258866527,245.79842915765227,22.784153903769433,NA,NA,NA,0.15099999999999977,NA,NA,0.0557927403983791,0.048916147634247384,0.3240033096718027,0.263990900274002,0.983363296200091,0.22531180225752398,0.8404738746733275,0.8514737651448429,0.3117052088638352,0.2459310662192757,2.096650748873031,1.1714979543390902,3.363294780188676,0.03948995478057306,0.23999422265203327,0.4276233832493184,1.2248135724925795,0.11353343890248292,NA,NA,NA,NA,NA,NA,NA,NA,NA,NA,NA,NA,NA,NA,NA,NA,NA,NA,NA,NA,NA,NA,NA,NA,NA,NA,NA,NA,NA,NA,NA,NA,NA,NA,NA,NA,NA,NA,NA,NA,NA,NA,NA,NA,NA,NA,NA,NA,NA,NA,NA,NA,NA,NA,NA,NA,NA,NA,NA,NA,NA,NA,NA,NA,NA,NA,NA,NA,NA,NA,NA,NA,NA,NA,NA,NA,NA,NA,NA,NA,NA,NA,NA,NA,NA,NA,NA,NA,NA,NA,NA,NA,NA,NA,NA,NA
2018,2018-11-15T00:00:00Z,autumn,Embouchure,Solea solea,G2,2016,gonads,112018-G2-07,F,27.2,NA,24,NA,NA,16.10049539985852,7.5,NA,NA,NA,NA,NA,NA,0.5224842400467081,2.3397920850891287,5.611171666792111,9.65683245714229,27.05197351487788,4.827946481193846,24.146817285177875,25.813777974793457,7.664829074243226,6.633133256812786,48.52087903311721,29.029118620189998,79.29291106822035,1.8764116923189942,7.325510439964105,11.777384980430806,26.64302161446401,3.2994120781958496,0,0,0,0,0.8696356275303643,1.1152679209335554,0.38969057258530937,0.5143724696356274,0,0,0.6079042629197428,0,0,0,0,0,0,15.266722348858567,1.5430582111387061,0,0,0,0,0.07995951417004048,0,0,0,0,0,2.8260000000000005,Solea s.,Fish,Omnivore,Mobile,NA,NA,NA,NA,NA,NA,NA,6.966456533956109,31.197227801188383,74.81562222389482,128.75776609523055,360.69298019837174,64.37261974925129,321.9575638023717,344.1837063305794,102.19772098990968,88.44177675750382,646.9450537748962,387.05491493586663,1057.2388142429381,25.018822564253256,97.67347253285473,157.03179973907743,355.2402881928535,43.99216104261133,NA,NA,NA,0.45500000000000185,NA,NA,0.23773032922125317,1.064605398715558,2.553083108390421,4.39385876799976,12.308647949269485,2.196715648943209,10.986801864755977,11.74526897853107,3.487497228780682,3.01807563184983,22.07699996006842,13.208248972186503,36.078274536040404,0.8537673200051458,3.3331072501836814,5.358710166096039,12.122574834581174,1.5012324955791176,0,0,0,0,0.39568421052631736,0.5074469040247698,0.17730921052631649,0.23403947368421144,0,0,0.27659643962848407,0,0,0,0,0,0,6.946358668730676,0.7020914860681141,0,0,0,0,0.03638157894736856,0,0,0,0,0,NA,NA,NA,NA,NA,NA,NA,NA,NA,20.386610927771912,2.8889665906848565,0.6079042629197428,16.80978055999727,NA,NA,NA,NA,NA,NA,NA,NA,NA,NA,NA,NA,NA,NA,NA,NA,NA,NA,NA,NA,NA,NA,NA,NA,NA,0,0,0,0,0.04265719449943946,0.054705901087966906,0.01911502475649097,0.025230896467196378,0,0,0.029818799459777678,0,0,0,0,0,0,0.748860239838162,0.0756897856443935,0,0,0,0,0.003922158246573227,0,0,0,0,0
2018,2018-11-15T00:00:00Z,autumn,Embouchure,Solea solea,G2,2016,gonads,112018-G2-09,F,25,NA,22.5,NA,NA,15.931108719052736,NA,NA,NA,NA,NA,NA,NA,NA,NA,NA,NA,NA,NA,NA,NA,NA,NA,NA,NA,NA,NA,NA,NA,NA,NA,0,0,0,0,0.45918732430360343,1.0156383698380964,0.3739074878609762,0.4338359315103501,0,0,0,0,0,0,0,0,0,4.1804374558410125,0,0,0,0,0,0,0,0,0,0,0,0.9289999999999985,Solea s.,Fish,Omnivore,Mobile,NA,NA,NA,NA,NA,NA,NA,NA,NA,NA,NA,NA,NA,NA,NA,NA,NA,NA,NA,NA,NA,NA,NA,NA,NA,NA,NA,NA,0.14799999999999966,NA,NA,NA,NA,NA,NA,NA,NA,NA,NA,NA,NA,NA,NA,NA,NA,NA,NA,NA,NA,0,0,0,0,0.06795972399693315,0.15031447873603793,0.05533830820342435,0.06420771786353167,0,0,0,0,0,0,0,0,0,0.6187047434644685,0,0,0,0,0,0,0,0,0,0,0,NA,NA,NA,NA,NA,NA,NA,NA,NA,6.463006569354039,2.282569113513026,0,4.1804374558410125,NA,NA,NA,NA,NA,NA,NA,NA,NA,NA,NA,NA,NA,NA,NA,NA,NA,NA,NA,NA,NA,NA,NA,NA,NA,0,0,0,0,0.07104856220956898,0.15714642387244346,0.05785349029876467,0.06712602360138262,0,0,0,0,0,0,0,0,0,0.6468255000178402,0,0,0,0,0,0,0,0,0,0,0
2018,2018-11-15T00:00:00Z,autumn,Embouchure,Solea solea,G2,2016,gonads,112018-G2-10,F,25.5,NA,22.7,NA,NA,15.913688469318988,2.4,NA,NA,NA,NA,NA,NA,0.19991542984181357,0.14141516603665719,0.4386727629863469,1.0478228222440369,4.655034122784555,1.1648036761376095,3.192893357540274,5.850077582131126,2.1706723140064605,1.280334942229524,13.602279962809728,5.660243198647182,22.638940003380412,0.2855437436249187,2.6304255142255535,4.838743040024854,9.272475624400837,1.0106364731554018,NA,NA,NA,NA,NA,NA,NA,NA,NA,NA,NA,NA,NA,NA,NA,NA,NA,NA,NA,NA,NA,NA,NA,NA,NA,NA,NA,NA,NA,1.4830000000000005,Solea s.,Fish,Omnivore,Mobile,NA,NA,NA,0,NA,NA,NA,8.329809576742232,5.892298584860716,18.278031791097785,43.6592842601682,193.9597551160231,48.53348650573373,133.03722323084475,243.75323258879692,90.44467975026919,53.3472892595635,566.761665117072,235.84346661029923,943.2891668075172,11.897655984371612,109.6010630927314,201.6142933343689,386.35315101670153,42.109853048141744,0,NA,NA,0.23600000000000068,NA,NA,0.04718004144266814,0.033373979184651195,0.10352677206477816,0.24728618604959343,1.0985880529771581,0.2748936675684766,0.7535228323795069,1.3806183093829498,0.5122786661055262,0.3021590463661685,3.210138071223105,1.3358173948807388,5.342789840797793,0.067388323495481,0.6207804213572324,1.1419433574458688,2.188304247358604,0.2385102076646755,NA,NA,NA,NA,NA,NA,NA,NA,NA,NA,NA,NA,NA,NA,NA,NA,NA,NA,NA,NA,NA,NA,NA,NA,NA,NA,NA,NA,NA,NA,NA,NA,0,NA,NA,NA,NA,NA,NA,NA,NA,NA,NA,NA,NA,NA,NA,NA,NA,NA,NA,NA,NA,NA,NA,NA,NA,NA,NA,NA,NA,NA,NA,NA,NA,NA,NA,NA,NA,NA,NA,NA,NA,NA,NA,NA,NA,NA,NA,NA,NA,NA,NA,NA,NA,NA,NA,NA,NA,NA,NA,NA,NA,NA,NA,NA
2018,2018-11-15T00:00:00Z,autumn,Embouchure,Solea solea,G2,2016,gonads,112018-G2-11,F,28.5,NA,24.5,NA,NA,16.334122421373028,5.7,NA,NA,26.21794495756116,11.23025535601557,44.15430237958341,NA,0.4515458399298028,0.7718334444622876,2.8862695604042425,4.376407654217859,16.5442568501066,3.243904962423203,13.53477999698695,14.811148283916836,4.9880644855292005,3.0653315868493287,29.56973493338947,18.001311873345976,46.38900546772845,1.0490856184296304,4.0271699629559,6.787431860314015,15.908258772173749,1.2325711698264974,NA,NA,NA,NA,NA,NA,NA,NA,NA,NA,NA,NA,NA,NA,NA,NA,NA,NA,NA,NA,NA,NA,NA,NA,NA,NA,NA,NA,NA,2.9570000000000007,Solea s.,Fish,Omnivore,Mobile,0.02621794495756116,0.011230255356015571,0.04415430237958341,0.02621794495756116,0,0,NA,7.921856840873733,13.540937622145396,50.63630807726741,76.7790816529449,290.25012017730876,56.910613375845664,237.45228064889386,259.84470673538306,87.50990325489825,53.77774713770752,518.7672795331486,315.81248900606977,813.8422011882184,18.40501084964264,70.6521046132614,119.0777519353336,279.09225916094294,21.62405561099118,0.45996394662387996,0,0,0.48300000000000054,NA,NA,0.218096640686095,0.37279555367528533,1.3940681976752507,2.113804896987228,7.990876058601496,1.5668060968504087,6.537298738544704,7.15378462113184,2.4092351465106066,1.4805551564482273,14.28218197282713,8.694633634826117,22.405889640912868,0.506708353701512,1.9451230921077016,3.278329588531673,7.683688986959929,0.5953318750261989,NA,NA,NA,NA,NA,NA,NA,NA,NA,NA,NA,NA,NA,NA,NA,NA,NA,NA,NA,NA,NA,NA,NA,NA,NA,NA,NA,NA,NA,0.012663267414502053,0.005424213336955527,0.02132652804933881,0.012663267414502053,0,0,NA,0.08160250269316015,0.02621794495756116,NA,NA,NA,NA,NA,NA,NA,NA,NA,NA,NA,NA,NA,NA,NA,NA,NA,NA,NA,NA,NA,NA,NA,0.32128849106681534,0.13762145749675495,0.5410900514364296,1,0,0,NA,NA,NA,NA,NA,NA,NA,NA,NA,NA,NA,NA,NA,NA,NA,NA,NA,NA,NA,NA,NA,NA,NA,NA,NA,NA,NA,NA,NA
2018,2018-11-15T00:00:00Z,autumn,Embouchure,Solea solea,G2,2016,gonads,112018-G2-12,F,28,NA,24.8,NA,NA,18.369313801079407,11.5,NA,NA,58.30981082477728,5.804934810785514,22.82342108916495,NA,0.9420099072653151,1.2401409792472382,3.620939071038145,6.473444048919146,17.251249038427794,4.82159515399008,16.50140579477666,19.827024089095797,6.575955521488508,4.997523293217929,40.28192942442327,26.211517576272907,68.779291714491,2.0758402998310976,9.12695756299803,12.138792519719477,22.972442612243256,3.3667332679109565,0,0,0,1.9432610269988917,2.625653472740852,1.781588542810702,0.8471309434901669,0.7295182972367439,0.11712098581030621,0.747890216579537,0.8291218204981768,0,0,0,0,0,0,24.848292184685675,1.6062206211834997,0,0,0,0,0,0,0,0,0,0,5.187999999999999,Solea s.,Fish,Omnivore,Mobile,0.05830981082477728,0.005804934810785514,0.02282342108916495,0.05830981082477728,0,0,NA,8.191390497959262,10.783834602149897,31.48642670467952,56.290817816688225,150.01086120371994,41.92691438252243,143.49048517197093,172.40890512257215,57.18222192598702,43.456724288851554,350.27764716889794,227.92623979367744,598.0807975173129,18.050785215922588,79.36484837389591,105.55471756277805,199.7603705412457,29.27594146009527,0.5070418332589328,0,0,0.9529999999999994,NA,NA,0.8977354416238447,1.1818543532226173,3.4507549346993502,6.169192178619942,16.440440333621677,4.594980181752543,15.725839722422146,18.89515395690828,6.2668856119785445,4.762639698436684,38.38867874147535,24.979576250188064,65.54666500390988,1.9782758057390348,8.697990557537116,11.568269271292655,21.89273780946781,3.2084968043191395,0,0,0,1.8519277587299425,2.5022477595220303,1.697853881298598,0.8073157891461286,0.6952309372666164,0.11161629947722175,0.7127393764002984,0.790153094934762,0,0,0,0,0,0,23.680422452005434,1.5307282519878742,0,0,0,0,0,0,0,0,0,0,0.05556924971601271,0.005532102874678591,0.021750720297974185,0.05556924971601271,0,0,NA,0.08693816672472775,0.05830981082477728,36.075798112034555,8.7921634856672,0.8291218204981768,26.454512805869175,NA,NA,NA,NA,NA,NA,NA,NA,NA,NA,NA,NA,NA,NA,NA,NA,NA,NA,NA,0.6707043985572365,0.06677084449187518,0.2625247569508882,1,0,0,0,0,0,0.05386605781981682,0.07278157685068534,0.04938459122312197,0.023481973728186816,0.020221820040438227,0.0032465251481501034,0.02073107888720687,0.02298277138383224,0,0,0,0,0,0,0.6887801097987771,0.044523495119784456,0,0,0,0,0,0,0,0,0,0
2018,2018-11-15T00:00:00Z,autumn,Embouchure,Solea solea,G2,2016,gonads,112018-G2-13,F,27.5,NA,24.5,NA,NA,17.716535433070852,13.2,NA,NA,176.31478880936734,10.711377984486107,73.66733482271273,NA,0.9597090840643997,9.033346492591718,15.3775579175805,28.490826741098388,97.42462769988086,13.89796217322037,80.58143420690828,78.72902093484882,22.085477701429763,20.887075520485535,136.08263361853375,90.60030192417831,240.23613434302362,6.373230626775383,23.803536194948606,45.993073721313415,59.577893746058166,4.781911794759278,0,0,0,0,0.2381502235806872,0.699098019238261,0.4428086262523349,0.6854531046584028,0.14683873889171906,0.8143997283070132,0,0,0,0,0,0,0,15.628870709431679,1.30948961007395,0,0,0,0,0,0,0,0,0,0,3.5559999999999974,Solea s.,Fish,Omnivore,Mobile,0.17631478880936735,0.010711377984486108,0.07366733482271273,0.17631478880936735,0,0,NA,7.27052336412424,68.43444312569483,116.49665089076136,215.83959652347264,738.0653613627337,105.28759222136642,610.4654106583961,596.4319767791577,167.31422501083154,158.2354206097389,1030.9290425646495,686.3659236680174,1819.9707147198758,48.282050202843806,180.32981965870155,348.43237667661674,451.34767989438,36.22660450575211,1.3357180970406617,0,0,0.6299999999999991,NA,NA,0.604616722960571,5.691008290332775,9.6878614880757,17.949220846891958,61.377515450924854,8.75571616912882,50.76630355035215,49.599283188954686,13.91385095190073,13.158857577905868,85.73205917967614,57.07819021223226,151.34876463610468,4.015135294868486,14.9962278028176,28.975636444427412,37.53407306001659,3.012604430698341,0,0,0,0,0.1500346408558327,0.4404317521201038,0.2789694345389706,0.43183545593479317,0.09250840550178288,0.5130718288334176,0,0,0,0,0,0,0,9.846188546941944,0.8249784543465873,0,0,0,0,0,0,0,0,0,0,0.11107831694990128,0.006748168130226238,0.04641042093830896,0.11107831694990128,0,0,NA,0.2606935016165662,0.17631478880936735,19.965108760434045,3.026748440928418,0,16.93836031950563,NA,NA,NA,NA,NA,NA,NA,NA,NA,NA,NA,NA,NA,NA,NA,NA,NA,NA,NA,0.6763298191785965,0.04108801300402433,0.28258216781737927,1,0,0,0,0,0,0,0.011928320874096243,0.03501598852412475,0.022179124169354546,0.03433255049513193,0.007354767792836545,0.040791149103127054,0,0,0,0,0,0,0,0.7828091946287952,0.0655889044125338,0,0,0,0,0,0,0,0,0,0
2018,2018-11-15T00:00:00Z,autumn,Embouchure,Solea solea,G2,2016,gonads,112018-G2-14,F,26,NA,22.5,NA,NA,13.649851632047302,NA,NA,NA,NA,NA,NA,NA,NA,NA,NA,NA,NA,NA,NA,NA,NA,NA,NA,NA,NA,NA,NA,NA,NA,NA,0,0,0,2.928710073196765,2.426106213178456,2.0674785737635206,0.9872769815735594,1.0086282538754021,0.31914093511051683,0,0,0,0,0,0,0,0,13.516912164105184,0.8130386053222106,0,0,0,0,0,0,0,0,0,0,1.347999999999999,Solea s.,Fish,Omnivore,Mobile,NA,NA,NA,NA,NA,NA,NA,NA,NA,NA,NA,NA,NA,NA,NA,NA,NA,NA,NA,NA,NA,NA,NA,NA,NA,NA,NA,NA,0.1839999999999975,NA,NA,NA,NA,NA,NA,NA,NA,NA,NA,NA,NA,NA,NA,NA,NA,NA,NA,NA,NA,0,0,0,0.5388826534681974,0.44640354322482984,0.38041605757248265,0.18165896460953246,0.18558759871307146,0.0587219320603343,0,0,0,0,0,0,0,0,2.48711183819532,0.14959910337928473,0,0,0,0,0,0,0,0,0,0,NA,NA,NA,NA,NA,NA,NA,NA,NA,24.067291800125613,9.73734103069822,0,14.329950769427395,NA,NA,NA,NA,NA,NA,NA,NA,NA,NA,NA,NA,NA,NA,NA,NA,NA,NA,NA,NA,NA,NA,NA,NA,NA,0,0,0,0.12168839342287274,0.10080511896921421,0.0859040805643421,0.04102152372492557,0.04190867266046684,0.013260359236133546,0,0,0,0,0,0,0,0,0.561629961374991,0.03378189004705412,0,0,0,0,0,0,0,0,0,0
2018,2018-11-15T00:00:00Z,autumn,Embouchure,Solea solea,G2,2016,gonads,112018-G2-15,F,27.5,NA,24,NA,NA,17.998363785110456,12.9,NA,NA,55.14035221053594,10.060410261672034,69.19031447437108,NA,1.476976001825028,2.4026934254775814,5.868052358702404,10.085142182873824,31.595272727054606,6.778969639128804,25.140723674276224,36.91360539774787,9.632580568720396,6.740612969163507,67.09743958604139,34.20864776100646,111.44566337963238,2.320156154200226,9.028449270675313,13.34598189892139,36.86048954434911,2.7519131715650715,0,0,0,1.932751135120804,3.643674808603719,2.4662756535352024,1.3381638109126266,1.2547089561307572,0.22154575282537373,0,1.0466234908108343,0,0,0,0,0,0,38.17032803642785,2.5451059023682396,0.24592295540162842,0,0,0,0,0,0,0,0,0,3.666999999999998,Solea s.,Fish,Omnivore,Mobile,0.05514035221053594,0.010060410261672034,0.06919031447437107,0.05514035221053594,0,0,NA,11.449426370736651,18.62553043005877,45.48877797443724,78.17939676646375,244.92459478336903,52.55015224130856,194.8893308083428,286.1519798275029,74.67116719938291,52.25281371444579,520.1351905894682,265.18331597679423,863.9198711599408,17.985706621707177,69.98797884244429,103.45722402264644,285.74022902596204,21.332660244690477,0.4274445907793484,0,0,0.6600000000000001,NA,NA,0.9748041612045186,1.585777660815204,3.872914556743588,6.656193840696726,20.852879999856043,4.474119961825012,16.59287762502231,24.3629795625136,6.357503175355463,4.4488045596479155,44.284310126787325,22.57770752226427,73.55413783055738,1.5313030617721493,5.958776518645708,8.80834805328812,24.327923099270418,1.8162626932329475,0,0,0,1.2756157491797309,2.404825373678455,1.627741931333234,0.8831881152023338,0.8281079110462999,0.1462201968647467,0,0.6907715039351507,0,0,0,0,0,0,25.192416504042384,1.6797698955630385,0.1623091505650748,0,0,0,0,0,0,0,0,0,0.03639263245895373,0.0066398707727035435,0.045665607553084915,0.03639263245895373,0,0,NA,0.13439107694657904,0.05514035221053594,52.86510050213703,10.857120117128483,1.0466234908108343,40.96135689419771,NA,NA,NA,NA,NA,NA,NA,NA,NA,NA,NA,NA,NA,NA,NA,NA,NA,NA,NA,0.41029771814727284,0.07485921305378843,0.5148430687989388,1,0,0,0,0,0,0.03656005789760437,0.06892401175812436,0.046652245623471485,0.025312801795553803,0.02373416382855522,0.004190775213156322,0,0.01979800437092757,0,0,0,0,0,0,0.7220326391866945,0.04814340421551559,0.004651896110396824,0,0,0,0,0,0,0,0,0
2018,2018-11-15T00:00:00Z,autumn,Embouchure,Solea solea,G2,2016,gonads,112018-G2-17,F,28.5,NA,25,NA,NA,18.940342094284475,11.9,NA,NA,39.215267343135025,4.866002025569911,19.13179335691513,NA,0.990797898943348,1.961535108641878,5.395185664257674,6.862773033494815,26.161464118325725,4.644651703390521,20.284081034131617,25.836442126216763,6.247951019743956,9.403269985729352,49.98944686828959,32.13661928738711,96.63696274120952,1.8429021217382209,6.816419697213414,14.050346595600836,34.2311929497417,2.4230878292038893,NA,NA,NA,NA,NA,NA,NA,NA,NA,NA,NA,NA,NA,NA,NA,NA,NA,NA,NA,NA,NA,NA,NA,NA,NA,NA,NA,NA,NA,4.7940000000000005,Solea s.,Fish,Omnivore,Mobile,0.039215267343135025,0.00486600202556991,0.019131793356915127,0.039215267343135025,0,0,NA,8.326032764229815,16.48348830791494,45.33769465762751,57.670361626006844,219.84423628845144,39.030686583113614,170.45446247169426,217.11295904383834,52.50379008188198,79.01907551033068,420.07938544781166,270.05562426375724,812.075317153021,15.486572451581686,57.28083779170936,118.07013945883054,287.65708361127474,20.36208259835201,0.329540061707017,0,0,0.9079999999999978,NA,NA,0.8996444922405579,1.781073878646821,4.898828583145956,6.231397914413277,23.7546094194397,4.217343746678583,18.417945578991464,23.459489450604764,5.673139525927499,8.53816914704223,45.39041775640684,29.18005031294743,87.74636216901803,1.6733551265383004,6.189309085069765,12.757714708805528,31.081923198365384,2.2001637489171264,NA,NA,NA,NA,NA,NA,NA,NA,NA,NA,NA,NA,NA,NA,NA,NA,NA,NA,NA,NA,NA,NA,NA,NA,NA,NA,NA,NA,NA,0.035607462747566515,0.004418329839217468,0.017371668368078894,0.035607462747566515,0,0,NA,0.06321306272562006,0.039215267343135025,NA,NA,NA,NA,NA,NA,NA,NA,NA,NA,NA,NA,NA,NA,NA,NA,NA,NA,NA,NA,NA,NA,NA,0.6203665136959294,0.07697779249664063,0.3026556938074299,1,0,0,NA,NA,NA,NA,NA,NA,NA,NA,NA,NA,NA,NA,NA,NA,NA,NA,NA,NA,NA,NA,NA,NA,NA,NA,NA,NA,NA,NA,NA
